filename,label
IMG_0151_0000.jpg,0.7748
IMG_0151_0001.jpg,0.7693
IMG_0151_0002.jpg,0.7668
IMG_0151_0003.jpg,0.7576
IMG_0151_0004.jpg,0.7517
IMG_0151_0005.jpg,0.7526
IMG_0151_0006.jpg,0.7508
IMG_0151_0007.jpg,0.7493
IMG_0151_0008.jpg,0.7483
IMG_0151_0009.jpg,0.7357
IMG_0151_0010.jpg,0.7188
IMG_0151_0011.jpg,0.6956
IMG_0151_0012.jpg,0.6474
IMG_0151_0013.jpg,0.3839
IMG_0151_0014.jpg,0.3707
IMG_0151_0015.jpg,0.3907
IMG_0151_0016.jpg,0.3983
IMG_0151_0017.jpg,0.4300
IMG_0151_0018.jpg,0.4670
IMG_0151_0019.jpg,0.4952
IMG_0151_0020.jpg,0.5198
IMG_0151_0021.jpg,0.5177
IMG_0151_0022.jpg,0.4971
IMG_0151_0023.jpg,0.4981
IMG_0151_0024.jpg,0.4907
IMG_0151_0025.jpg,0.4708
IMG_0151_0026.jpg,0.4579
IMG_0151_0027.jpg,0.4380
IMG_0151_0028.jpg,0.4347
IMG_0151_0029.jpg,0.4218
IMG_0151_0030.jpg,0.4146
IMG_0151_0031.jpg,0.4069
IMG_0151_0032.jpg,0.3978
IMG_0151_0033.jpg,0.3947
IMG_0151_0034.jpg,0.3902
IMG_0151_0035.jpg,0.3737
IMG_0151_0036.jpg,0.3701
IMG_0151_0037.jpg,0.3687
IMG_0151_0038.jpg,0.3545
IMG_0151_0039.jpg,0.3586
IMG_0151_0040.jpg,0.3432
IMG_0151_0041.jpg,0.3436
IMG_0151_0042.jpg,0.3349
IMG_0151_0043.jpg,0.3205
IMG_0151_0044.jpg,0.3010
IMG_0151_0045.jpg,0.2915
IMG_0151_0046.jpg,0.2834
IMG_0151_0047.jpg,0.2612
IMG_0151_0048.jpg,0.2535
IMG_0151_0049.jpg,0.2261
IMG_0151_0050.jpg,0.2209
IMG_0151_0051.jpg,0.1982
IMG_0151_0052.jpg,0.2049
IMG_0151_0053.jpg,0.1856
IMG_0151_0054.jpg,0.1673
IMG_0151_0055.jpg,0.1569
IMG_0151_0056.jpg,0.1356
IMG_0151_0057.jpg,0.1465
IMG_0151_0058.jpg,0.1220
IMG_0151_0059.jpg,0.1181
IMG_0151_0060.jpg,0.1117
IMG_0151_0061.jpg,0.1007
IMG_0151_0062.jpg,0.1091
IMG_0151_0063.jpg,0.1030
IMG_0151_0064.jpg,0.0977
IMG_0151_0065.jpg,0.1214
IMG_0151_0066.jpg,0.1249
IMG_0151_0067.jpg,0.1564
IMG_0151_0068.jpg,0.1462
IMG_0151_0069.jpg,0.1521
IMG_0151_0070.jpg,0.1470
IMG_0151_0071.jpg,0.1357
IMG_0151_0072.jpg,0.1469
IMG_0151_0073.jpg,0.1217
IMG_0151_0074.jpg,0.1563
IMG_0152_0000.jpg,0.9002
IMG_0152_0001.jpg,0.9142
IMG_0152_0002.jpg,0.9279
IMG_0152_0003.jpg,0.9335
IMG_0152_0004.jpg,0.9050
IMG_0152_0005.jpg,0.9238
IMG_0152_0006.jpg,0.9220
IMG_0152_0007.jpg,0.9042
IMG_0152_0008.jpg,0.9242
IMG_0152_0009.jpg,0.8717
IMG_0152_0010.jpg,0.7790
IMG_0152_0011.jpg,0.7163
IMG_0152_0012.jpg,0.7034
IMG_0152_0013.jpg,0.6795
IMG_0152_0014.jpg,0.6531
IMG_0152_0015.jpg,0.6358
IMG_0152_0016.jpg,0.6095
IMG_0152_0017.jpg,0.5947
IMG_0152_0018.jpg,0.5920
IMG_0152_0019.jpg,0.5834
IMG_0152_0020.jpg,0.5669
IMG_0152_0021.jpg,0.5524
IMG_0152_0022.jpg,0.5546
IMG_0152_0023.jpg,0.5401
IMG_0152_0024.jpg,0.5363
IMG_0152_0025.jpg,0.5253
IMG_0152_0026.jpg,0.5048
IMG_0152_0027.jpg,0.4895
IMG_0152_0028.jpg,0.4890
IMG_0152_0029.jpg,0.4704
IMG_0152_0030.jpg,0.4540
IMG_0152_0031.jpg,0.4398
IMG_0152_0032.jpg,0.4404
IMG_0152_0033.jpg,0.4284
IMG_0152_0034.jpg,0.4307
IMG_0152_0035.jpg,0.4197
IMG_0152_0036.jpg,0.4087
IMG_0152_0037.jpg,0.3940
IMG_0152_0038.jpg,0.3798
IMG_0152_0039.jpg,0.3482
IMG_0152_0040.jpg,0.3362
IMG_0152_0041.jpg,0.3069
IMG_0152_0042.jpg,0.3208
IMG_0152_0043.jpg,0.2915
IMG_0152_0044.jpg,0.2585
IMG_0152_0045.jpg,0.2061
IMG_0152_0046.jpg,0.2132
IMG_0152_0047.jpg,0.1934
IMG_0152_0048.jpg,0.1924
IMG_0152_0049.jpg,0.1532
IMG_0152_0050.jpg,0.1874
IMG_0152_0051.jpg,0.1550
IMG_0152_0052.jpg,0.1258
IMG_0152_0053.jpg,0.0925
IMG_0152_0054.jpg,0.0432
IMG_0152_0055.jpg,0.0000
IMG_0152_0056.jpg,0.0000
IMG_0152_0057.jpg,0.0000
IMG_0152_0058.jpg,1.0000
IMG_0152_0059.jpg,1.0000
IMG_0152_0060.jpg,1.0000
IMG_0152_0061.jpg,0.0000
IMG_0152_0062.jpg,0.0000
IMG_0152_0063.jpg,0.0000
IMG_0152_0064.jpg,0.0000
IMG_0152_0065.jpg,0.0000
IMG_0152_0066.jpg,0.0000
IMG_0152_0067.jpg,0.0000
IMG_0152_0068.jpg,0.0000
IMG_0152_0069.jpg,0.0000
IMG_0152_0070.jpg,0.0000
IMG_0152_0071.jpg,0.0000
IMG_0152_0072.jpg,0.0000
IMG_0152_0073.jpg,0.0000
IMG_0153_0000.jpg,0.9618
IMG_0153_0001.jpg,0.9701
IMG_0153_0002.jpg,0.9277
IMG_0153_0003.jpg,0.9551
IMG_0153_0004.jpg,0.9329
IMG_0153_0005.jpg,0.9755
IMG_0153_0006.jpg,0.9708
IMG_0153_0007.jpg,0.9543
IMG_0153_0008.jpg,0.9507
IMG_0153_0009.jpg,0.8749
IMG_0153_0010.jpg,0.7879
IMG_0153_0011.jpg,0.7514
IMG_0153_0012.jpg,0.7700
IMG_0153_0013.jpg,0.7638
IMG_0153_0014.jpg,0.7292
IMG_0153_0015.jpg,0.7077
IMG_0153_0016.jpg,0.6706
IMG_0153_0017.jpg,0.6731
IMG_0153_0018.jpg,0.6586
IMG_0153_0019.jpg,0.6405
IMG_0153_0020.jpg,0.6079
IMG_0153_0021.jpg,0.5858
IMG_0153_0022.jpg,0.5647
IMG_0153_0023.jpg,0.5521
IMG_0153_0024.jpg,0.5304
IMG_0153_0025.jpg,0.5212
IMG_0153_0026.jpg,0.5111
IMG_0153_0027.jpg,0.4868
IMG_0153_0028.jpg,0.4749
IMG_0153_0029.jpg,0.4655
IMG_0153_0030.jpg,0.4527
IMG_0153_0031.jpg,0.4432
IMG_0153_0032.jpg,0.4264
IMG_0153_0033.jpg,0.4237
IMG_0153_0034.jpg,0.4195
IMG_0153_0035.jpg,0.4116
IMG_0153_0036.jpg,0.4022
IMG_0153_0037.jpg,0.3961
IMG_0153_0038.jpg,0.3808
IMG_0153_0039.jpg,0.3741
IMG_0153_0040.jpg,0.3677
IMG_0153_0041.jpg,0.3591
IMG_0153_0042.jpg,0.3360
IMG_0153_0043.jpg,0.3161
IMG_0153_0044.jpg,0.3122
IMG_0153_0045.jpg,0.2957
IMG_0153_0046.jpg,0.2859
IMG_0153_0047.jpg,0.2733
IMG_0153_0048.jpg,0.2649
IMG_0153_0049.jpg,0.2565
IMG_0153_0050.jpg,0.2449
IMG_0153_0051.jpg,0.2089
IMG_0153_0052.jpg,0.1345
IMG_0153_0053.jpg,0.1588
IMG_0153_0054.jpg,0.0654
IMG_0153_0055.jpg,0.0272
IMG_0153_0056.jpg,0.0000
IMG_0153_0057.jpg,0.0000
IMG_0153_0058.jpg,0.0000
IMG_0153_0059.jpg,0.0000
IMG_0153_0060.jpg,0.0000
IMG_0153_0061.jpg,0.0000
IMG_0153_0062.jpg,0.0000
IMG_0153_0063.jpg,0.0000
IMG_0153_0064.jpg,0.0000
IMG_0153_0065.jpg,0.0000
IMG_0153_0066.jpg,0.0000
IMG_0153_0068.jpg,0.8754
IMG_0153_0069.jpg,0.0000
IMG_0153_0070.jpg,0.0000
IMG_0153_0071.jpg,0.9015
IMG_0154_0000.jpg,1.0000
IMG_0154_0001.jpg,0.9896
IMG_0154_0002.jpg,1.0000
IMG_0154_0003.jpg,0.9688
IMG_0154_0004.jpg,0.9982
IMG_0154_0005.jpg,1.0000
IMG_0154_0006.jpg,1.0000
IMG_0154_0007.jpg,0.9602
IMG_0154_0008.jpg,1.0000
IMG_0154_0009.jpg,0.9667
IMG_0154_0010.jpg,0.9580
IMG_0154_0011.jpg,0.9315
IMG_0154_0012.jpg,0.9134
IMG_0154_0013.jpg,0.8659
IMG_0154_0014.jpg,0.8436
IMG_0154_0015.jpg,0.8115
IMG_0154_0016.jpg,0.8009
IMG_0154_0017.jpg,0.7773
IMG_0154_0018.jpg,0.7546
IMG_0154_0019.jpg,0.7181
IMG_0154_0020.jpg,0.6797
IMG_0154_0021.jpg,0.6423
IMG_0154_0022.jpg,0.6345
IMG_0154_0023.jpg,0.6182
IMG_0154_0024.jpg,0.6116
IMG_0154_0025.jpg,0.6039
IMG_0154_0026.jpg,0.6054
IMG_0154_0027.jpg,0.5886
IMG_0154_0028.jpg,0.5721
IMG_0154_0029.jpg,0.5609
IMG_0154_0030.jpg,0.5474
IMG_0154_0031.jpg,0.5249
IMG_0154_0032.jpg,0.5112
IMG_0154_0033.jpg,0.4970
IMG_0154_0034.jpg,0.4647
IMG_0154_0035.jpg,0.4319
IMG_0154_0036.jpg,0.4313
IMG_0154_0037.jpg,0.2756
IMG_0154_0038.jpg,0.0000
IMG_0154_0039.jpg,0.2586
IMG_0154_0040.jpg,0.0000
IMG_0154_0041.jpg,0.2369
IMG_0154_0042.jpg,0.3194
IMG_0154_0043.jpg,0.0000
IMG_0154_0044.jpg,0.1923
IMG_0154_0045.jpg,0.0000
IMG_0154_0046.jpg,0.0000
IMG_0154_0047.jpg,0.0000
IMG_0154_0048.jpg,0.0000
IMG_0154_0049.jpg,0.0000
IMG_0154_0050.jpg,0.0192
IMG_0154_0051.jpg,0.0466
IMG_0154_0052.jpg,0.1149
IMG_0154_0053.jpg,0.0000
IMG_0154_0054.jpg,0.0000
IMG_0154_0055.jpg,0.0000
IMG_0154_0056.jpg,0.0000
IMG_0154_0057.jpg,0.0000
IMG_0154_0058.jpg,0.0000
IMG_0154_0059.jpg,0.0000
IMG_0154_0060.jpg,0.0000
IMG_0154_0061.jpg,0.0000
IMG_0154_0062.jpg,0.0000
IMG_0154_0063.jpg,0.0000
IMG_0154_0064.jpg,0.0000
IMG_0154_0065.jpg,0.0000
IMG_0154_0066.jpg,0.0000
IMG_0154_0067.jpg,0.0000
IMG_0154_0068.jpg,0.0000
IMG_0154_0070.jpg,0.0000
IMG_0154_0071.jpg,0.0000
IMG_0154_0073.jpg,0.0000
IMG_0154_0074.jpg,1.0000
IMG_0154_0075.jpg,0.0000
IMG_0154_0076.jpg,1.0000
IMG_0154_0077.jpg,1.0000
IMG_0154_0078.jpg,1.0000
IMG_0154_0080.jpg,1.0000
IMG_0154_0081.jpg,0.0000
IMG_0154_0082.jpg,0.0000
IMG_0155_0000.jpg,0.9734
IMG_0155_0001.jpg,0.9648
IMG_0155_0002.jpg,0.9642
IMG_0155_0003.jpg,0.9617
IMG_0155_0004.jpg,0.9514
IMG_0155_0005.jpg,0.9483
IMG_0155_0006.jpg,0.9328
IMG_0155_0007.jpg,0.9127
IMG_0155_0008.jpg,0.8866
IMG_0155_0009.jpg,0.8397
IMG_0155_0010.jpg,0.8201
IMG_0155_0011.jpg,0.8113
IMG_0155_0012.jpg,0.7959
IMG_0155_0013.jpg,0.7727
IMG_0155_0014.jpg,0.7546
IMG_0155_0015.jpg,0.7398
IMG_0155_0016.jpg,0.7212
IMG_0155_0017.jpg,0.7187
IMG_0155_0018.jpg,0.7018
IMG_0155_0019.jpg,0.7021
IMG_0155_0020.jpg,0.6935
IMG_0155_0021.jpg,0.7065
IMG_0155_0022.jpg,0.7141
IMG_0155_0023.jpg,0.7050
IMG_0155_0024.jpg,0.6959
IMG_0155_0025.jpg,0.7242
IMG_0155_0026.jpg,0.6965
IMG_0155_0027.jpg,0.6867
IMG_0155_0028.jpg,0.6840
IMG_0155_0029.jpg,0.6724
IMG_0155_0030.jpg,0.6459
IMG_0155_0031.jpg,0.6356
IMG_0155_0032.jpg,0.6294
IMG_0155_0033.jpg,0.6243
IMG_0155_0034.jpg,0.6181
IMG_0155_0035.jpg,0.6045
IMG_0155_0036.jpg,0.5973
IMG_0155_0037.jpg,0.5841
IMG_0155_0038.jpg,0.5673
IMG_0155_0039.jpg,0.5649
IMG_0155_0040.jpg,0.5474
IMG_0155_0041.jpg,0.5409
IMG_0155_0042.jpg,0.5388
IMG_0155_0043.jpg,0.5319
IMG_0155_0044.jpg,0.5150
IMG_0155_0045.jpg,0.5105
IMG_0155_0046.jpg,0.4999
IMG_0155_0047.jpg,0.4965
IMG_0155_0048.jpg,0.4838
IMG_0155_0049.jpg,0.4751
IMG_0155_0050.jpg,0.4669
IMG_0155_0051.jpg,0.4541
IMG_0155_0052.jpg,0.4443
IMG_0155_0053.jpg,0.4342
IMG_0155_0054.jpg,0.4197
IMG_0155_0055.jpg,0.3995
IMG_0155_0056.jpg,0.3883
IMG_0155_0057.jpg,0.3752
IMG_0155_0058.jpg,0.3599
IMG_0155_0059.jpg,0.3310
IMG_0155_0060.jpg,0.3166
IMG_0155_0061.jpg,0.3170
IMG_0155_0062.jpg,0.2938
IMG_0155_0063.jpg,0.2835
IMG_0155_0064.jpg,0.2723
IMG_0155_0065.jpg,0.2512
IMG_0155_0066.jpg,0.2368
IMG_0155_0067.jpg,0.2198
IMG_0155_0068.jpg,0.2072
IMG_0155_0069.jpg,0.1902
IMG_0155_0070.jpg,0.1649
IMG_0155_0071.jpg,0.1403
IMG_0155_0072.jpg,0.1251
IMG_0155_0073.jpg,0.0997
IMG_0155_0074.jpg,0.0517
IMG_0155_0075.jpg,0.0554
IMG_0155_0076.jpg,0.0673
IMG_0155_0077.jpg,0.0482
IMG_0155_0078.jpg,0.0392
IMG_0155_0079.jpg,0.0430
IMG_0155_0080.jpg,0.0444
IMG_0155_0081.jpg,0.0549
IMG_0155_0082.jpg,0.0365
IMG_0155_0083.jpg,0.0270
IMG_0155_0084.jpg,0.0352
IMG_0155_0085.jpg,0.0270
IMG_0155_0086.jpg,0.0202
IMG_0155_0087.jpg,0.0157
IMG_0155_0088.jpg,0.0134
IMG_0155_0089.jpg,0.0187
IMG_0155_0090.jpg,0.0206
IMG_0156_0000.jpg,0.8169
IMG_0156_0001.jpg,0.8109
IMG_0156_0002.jpg,0.8119
IMG_0156_0003.jpg,0.7943
IMG_0156_0004.jpg,0.7930
IMG_0156_0005.jpg,0.7928
IMG_0156_0006.jpg,0.7817
IMG_0156_0007.jpg,0.7732
IMG_0156_0008.jpg,0.7714
IMG_0156_0009.jpg,0.7203
IMG_0156_0010.jpg,0.6942
IMG_0156_0011.jpg,0.6563
IMG_0156_0012.jpg,0.6376
IMG_0156_0013.jpg,0.6001
IMG_0156_0014.jpg,0.5735
IMG_0156_0015.jpg,0.5694
IMG_0156_0016.jpg,0.5695
IMG_0156_0017.jpg,0.5785
IMG_0156_0018.jpg,0.5508
IMG_0156_0019.jpg,0.5487
IMG_0156_0020.jpg,0.5525
IMG_0156_0021.jpg,0.5391
IMG_0156_0022.jpg,0.5427
IMG_0156_0023.jpg,0.5377
IMG_0156_0024.jpg,0.5436
IMG_0156_0025.jpg,0.5265
IMG_0156_0026.jpg,0.5277
IMG_0156_0027.jpg,0.5059
IMG_0156_0028.jpg,0.5051
IMG_0156_0029.jpg,0.4998
IMG_0156_0030.jpg,0.4771
IMG_0156_0031.jpg,0.4811
IMG_0156_0032.jpg,0.4713
IMG_0156_0033.jpg,0.4577
IMG_0156_0034.jpg,0.4517
IMG_0156_0035.jpg,0.4460
IMG_0156_0036.jpg,0.4424
IMG_0156_0037.jpg,0.4296
IMG_0156_0038.jpg,0.4145
IMG_0156_0039.jpg,0.4002
IMG_0156_0040.jpg,0.4007
IMG_0156_0041.jpg,0.3806
IMG_0156_0042.jpg,0.3877
IMG_0156_0043.jpg,0.3781
IMG_0156_0044.jpg,0.2486
IMG_0156_0045.jpg,0.0657
IMG_0156_0046.jpg,0.1638
IMG_0156_0047.jpg,0.0776
IMG_0156_0048.jpg,0.0329
IMG_0156_0049.jpg,0.1513
IMG_0156_0050.jpg,0.0915
IMG_0156_0051.jpg,0.0348
IMG_0156_0052.jpg,0.1918
IMG_0156_0053.jpg,0.1652
IMG_0156_0054.jpg,0.1410
IMG_0156_0055.jpg,0.1171
IMG_0156_0056.jpg,0.0696
IMG_0156_0057.jpg,0.0757
IMG_0156_0058.jpg,0.0252
IMG_0156_0059.jpg,0.0348
IMG_0156_0060.jpg,0.0000
IMG_0156_0061.jpg,0.0002
IMG_0156_0062.jpg,0.0000
IMG_0156_0063.jpg,0.0000
IMG_0156_0064.jpg,0.0000
IMG_0156_0065.jpg,0.0000
IMG_0156_0066.jpg,0.0000
IMG_0156_0067.jpg,0.0000
IMG_0156_0068.jpg,0.0000
IMG_0156_0069.jpg,0.0000
IMG_0156_0070.jpg,0.0000
IMG_0156_0071.jpg,0.0000
IMG_0156_0072.jpg,0.0000
IMG_0156_0073.jpg,0.0000
IMG_0156_0074.jpg,0.0043
IMG_0157_0000.jpg,0.8942
IMG_0157_0001.jpg,0.8729
IMG_0157_0002.jpg,0.8808
IMG_0157_0003.jpg,0.8899
IMG_0157_0004.jpg,0.8902
IMG_0157_0005.jpg,0.9045
IMG_0157_0006.jpg,0.8848
IMG_0157_0007.jpg,0.8614
IMG_0157_0008.jpg,0.8240
IMG_0157_0009.jpg,0.8187
IMG_0157_0010.jpg,0.7820
IMG_0157_0011.jpg,0.7548
IMG_0157_0012.jpg,0.7462
IMG_0157_0013.jpg,0.7124
IMG_0157_0014.jpg,0.6894
IMG_0157_0015.jpg,0.6644
IMG_0157_0016.jpg,0.6583
IMG_0157_0017.jpg,0.6483
IMG_0157_0018.jpg,0.6425
IMG_0157_0019.jpg,0.6311
IMG_0157_0020.jpg,0.6116
IMG_0157_0021.jpg,0.5944
IMG_0157_0022.jpg,0.5764
IMG_0157_0023.jpg,0.5654
IMG_0157_0024.jpg,0.5464
IMG_0157_0025.jpg,0.5434
IMG_0157_0026.jpg,0.5419
IMG_0157_0027.jpg,0.5193
IMG_0157_0028.jpg,0.4998
IMG_0157_0029.jpg,0.5012
IMG_0157_0030.jpg,0.4879
IMG_0157_0031.jpg,0.4832
IMG_0157_0032.jpg,0.4593
IMG_0157_0033.jpg,0.4047
IMG_0157_0034.jpg,0.3787
IMG_0157_0035.jpg,0.4015
IMG_0157_0036.jpg,0.3616
IMG_0157_0037.jpg,0.3465
IMG_0157_0038.jpg,0.3061
IMG_0157_0039.jpg,0.2922
IMG_0157_0040.jpg,0.2805
IMG_0157_0041.jpg,0.1854
IMG_0157_0042.jpg,0.2035
IMG_0157_0043.jpg,0.1242
IMG_0157_0044.jpg,0.1638
IMG_0157_0045.jpg,0.0856
IMG_0157_0046.jpg,0.0169
IMG_0157_0047.jpg,0.0757
IMG_0157_0048.jpg,0.0000
IMG_0157_0049.jpg,0.0000
IMG_0157_0050.jpg,0.0000
IMG_0157_0051.jpg,0.0000
IMG_0157_0052.jpg,0.0000
IMG_0157_0053.jpg,0.0000
IMG_0157_0054.jpg,0.0000
IMG_0157_0055.jpg,0.0000
IMG_0157_0056.jpg,0.0000
IMG_0157_0057.jpg,0.0000
IMG_0157_0058.jpg,0.0000
IMG_0157_0059.jpg,0.0000
IMG_0157_0060.jpg,0.0000
IMG_0157_0061.jpg,0.0000
IMG_0157_0062.jpg,0.0000
IMG_0157_0063.jpg,0.0000
IMG_0157_0064.jpg,0.0000
IMG_0157_0065.jpg,0.0000
IMG_0157_0066.jpg,0.0000
IMG_0157_0067.jpg,0.0000
IMG_0157_0068.jpg,0.0000
IMG_0157_0069.jpg,0.0000
IMG_0157_0070.jpg,0.0000
IMG_0157_0071.jpg,0.0000
IMG_0157_0072.jpg,0.0000
IMG_0157_0073.jpg,0.0000
IMG_0157_0074.jpg,0.0000
IMG_0158_0000.jpg,0.9454
IMG_0158_0001.jpg,0.9572
IMG_0158_0002.jpg,0.9741
IMG_0158_0003.jpg,1.0000
IMG_0158_0004.jpg,0.9413
IMG_0158_0005.jpg,0.9381
IMG_0158_0006.jpg,0.8002
IMG_0158_0007.jpg,0.6858
IMG_0158_0008.jpg,0.6673
IMG_0158_0009.jpg,0.6736
IMG_0158_0010.jpg,0.6726
IMG_0158_0011.jpg,0.6565
IMG_0158_0012.jpg,0.6392
IMG_0158_0013.jpg,0.6389
IMG_0158_0014.jpg,0.6233
IMG_0158_0015.jpg,0.6270
IMG_0158_0016.jpg,0.6337
IMG_0158_0017.jpg,0.5954
IMG_0158_0018.jpg,0.5594
IMG_0158_0019.jpg,0.5588
IMG_0158_0020.jpg,0.5525
IMG_0158_0021.jpg,0.5550
IMG_0158_0022.jpg,0.5497
IMG_0158_0023.jpg,0.5391
IMG_0158_0024.jpg,0.5477
IMG_0158_0025.jpg,0.5116
IMG_0158_0026.jpg,0.5099
IMG_0158_0027.jpg,0.4836
IMG_0158_0028.jpg,0.4743
IMG_0158_0029.jpg,0.4748
IMG_0158_0030.jpg,0.4715
IMG_0158_0031.jpg,0.4598
IMG_0158_0032.jpg,0.4558
IMG_0158_0033.jpg,0.4611
IMG_0158_0034.jpg,0.4516
IMG_0158_0035.jpg,0.4596
IMG_0158_0036.jpg,0.4518
IMG_0158_0037.jpg,0.4281
IMG_0158_0038.jpg,0.4118
IMG_0158_0039.jpg,0.3953
IMG_0158_0040.jpg,0.4266
IMG_0158_0041.jpg,0.4228
IMG_0158_0042.jpg,0.3866
IMG_0158_0043.jpg,0.3905
IMG_0158_0044.jpg,0.3653
IMG_0158_0045.jpg,0.3306
IMG_0158_0046.jpg,0.2999
IMG_0158_0047.jpg,0.2285
IMG_0158_0048.jpg,0.2720
IMG_0158_0049.jpg,0.2904
IMG_0158_0050.jpg,0.2454
IMG_0158_0051.jpg,0.2194
IMG_0158_0052.jpg,0.1219
IMG_0158_0053.jpg,0.1283
IMG_0158_0054.jpg,0.0462
IMG_0158_0055.jpg,0.0219
IMG_0158_0056.jpg,0.0395
IMG_0158_0057.jpg,0.0000
IMG_0158_0058.jpg,0.0000
IMG_0158_0059.jpg,0.0013
IMG_0158_0060.jpg,0.0000
IMG_0158_0061.jpg,0.0000
IMG_0158_0062.jpg,0.0000
IMG_0158_0063.jpg,0.0000
IMG_0158_0064.jpg,0.0000
IMG_0158_0065.jpg,0.0000
IMG_0158_0066.jpg,0.0000
IMG_0158_0067.jpg,0.0000
IMG_0158_0068.jpg,0.0000
IMG_0158_0069.jpg,0.0000
IMG_0158_0070.jpg,0.0000
IMG_0158_0071.jpg,0.0000
IMG_0158_0072.jpg,0.0000
IMG_0158_0073.jpg,0.0000
IMG_0158_0074.jpg,0.0000
IMG_0158_0075.jpg,0.0000
IMG_0158_0076.jpg,0.0000
IMG_0158_0077.jpg,0.0000
IMG_0158_0078.jpg,0.0000
IMG_0158_0079.jpg,0.0000
IMG_0158_0080.jpg,0.0000
IMG_0158_0081.jpg,0.0000
IMG_0158_0082.jpg,0.0000
IMG_0158_0083.jpg,0.0000
IMG_0158_0084.jpg,0.0000
IMG_0159_0000.jpg,1.0000
IMG_0159_0001.jpg,1.0000
IMG_0159_0002.jpg,1.0000
IMG_0159_0003.jpg,1.0000
IMG_0159_0004.jpg,1.0000
IMG_0159_0005.jpg,1.0000
IMG_0159_0006.jpg,1.0000
IMG_0159_0007.jpg,1.0000
IMG_0159_0008.jpg,1.0000
IMG_0159_0009.jpg,0.9667
IMG_0159_0010.jpg,0.9921
IMG_0159_0011.jpg,0.9660
IMG_0159_0012.jpg,0.9375
IMG_0159_0013.jpg,0.9057
IMG_0159_0014.jpg,0.8919
IMG_0159_0015.jpg,0.8646
IMG_0159_0016.jpg,0.8537
IMG_0159_0017.jpg,0.8410
IMG_0159_0018.jpg,0.8211
IMG_0159_0019.jpg,0.7685
IMG_0159_0020.jpg,0.7773
IMG_0159_0021.jpg,0.7757
IMG_0159_0022.jpg,0.7579
IMG_0159_0023.jpg,0.7316
IMG_0159_0024.jpg,0.7218
IMG_0159_0025.jpg,0.7060
IMG_0159_0026.jpg,0.6989
IMG_0159_0027.jpg,0.6733
IMG_0159_0028.jpg,0.6576
IMG_0159_0029.jpg,0.6382
IMG_0159_0030.jpg,0.6321
IMG_0159_0031.jpg,0.6197
IMG_0159_0032.jpg,0.6149
IMG_0159_0033.jpg,0.6025
IMG_0159_0034.jpg,0.5763
IMG_0159_0035.jpg,0.5562
IMG_0159_0036.jpg,0.5370
IMG_0159_0037.jpg,0.5212
IMG_0159_0038.jpg,0.5268
IMG_0159_0039.jpg,0.6237
IMG_0159_0040.jpg,0.4838
IMG_0159_0041.jpg,0.2152
IMG_0159_0042.jpg,0.2552
IMG_0159_0043.jpg,0.4370
IMG_0159_0044.jpg,0.3968
IMG_0159_0045.jpg,0.3857
IMG_0159_0046.jpg,1.0000
IMG_0159_0047.jpg,0.9583
IMG_0159_0048.jpg,1.0000
IMG_0159_0049.jpg,1.0000
IMG_0159_0050.jpg,1.0000
IMG_0159_0051.jpg,1.0000
IMG_0159_0053.jpg,1.0000
IMG_0159_0054.jpg,1.0000
IMG_0159_0055.jpg,1.0000
IMG_0159_0056.jpg,1.0000
IMG_0159_0057.jpg,1.0000
IMG_0159_0058.jpg,0.9469
IMG_0159_0059.jpg,1.0000
IMG_0159_0060.jpg,1.0000
IMG_0159_0061.jpg,0.8476
IMG_0159_0062.jpg,1.0000
IMG_0159_0063.jpg,1.0000
IMG_0159_0065.jpg,0.8338
IMG_0159_0067.jpg,1.0000
IMG_0159_0068.jpg,1.0000
IMG_0160_0000.jpg,0.8420
IMG_0160_0001.jpg,0.8497
IMG_0160_0002.jpg,0.8457
IMG_0160_0003.jpg,0.8422
IMG_0160_0004.jpg,0.8149
IMG_0160_0005.jpg,0.7614
IMG_0160_0006.jpg,0.7414
IMG_0160_0007.jpg,0.7022
IMG_0160_0008.jpg,0.6802
IMG_0160_0009.jpg,0.6634
IMG_0160_0010.jpg,0.6018
IMG_0160_0011.jpg,0.5793
IMG_0160_0012.jpg,0.5668
IMG_0160_0013.jpg,0.5525
IMG_0160_0014.jpg,0.5419
IMG_0160_0015.jpg,0.5366
IMG_0160_0016.jpg,0.5342
IMG_0160_0017.jpg,0.5296
IMG_0160_0018.jpg,0.5185
IMG_0160_0019.jpg,0.5064
IMG_0160_0020.jpg,0.4906
IMG_0160_0021.jpg,0.4937
IMG_0160_0022.jpg,0.4778
IMG_0160_0023.jpg,0.4802
IMG_0160_0024.jpg,0.4700
IMG_0160_0025.jpg,0.4773
IMG_0160_0026.jpg,0.4480
IMG_0160_0027.jpg,0.4418
IMG_0160_0028.jpg,0.4398
IMG_0160_0029.jpg,0.4287
IMG_0160_0030.jpg,0.4382
IMG_0160_0031.jpg,0.4182
IMG_0160_0032.jpg,0.4091
IMG_0160_0033.jpg,0.3984
IMG_0160_0034.jpg,0.4095
IMG_0160_0035.jpg,0.4002
IMG_0160_0036.jpg,0.3941
IMG_0160_0037.jpg,0.3814
IMG_0160_0038.jpg,0.3814
IMG_0160_0039.jpg,0.3136
IMG_0160_0040.jpg,0.3645
IMG_0160_0041.jpg,0.3662
IMG_0160_0042.jpg,0.2933
IMG_0160_0043.jpg,0.3217
IMG_0160_0044.jpg,0.2910
IMG_0160_0045.jpg,0.2449
IMG_0160_0046.jpg,0.2248
IMG_0160_0047.jpg,0.2415
IMG_0160_0048.jpg,0.2072
IMG_0160_0049.jpg,0.1618
IMG_0160_0050.jpg,0.1577
IMG_0160_0051.jpg,0.1524
IMG_0160_0052.jpg,0.1128
IMG_0160_0053.jpg,0.0388
IMG_0160_0054.jpg,0.0426
IMG_0160_0055.jpg,0.0000
IMG_0160_0056.jpg,0.0000
IMG_0160_0057.jpg,0.0000
IMG_0160_0058.jpg,0.0000
IMG_0160_0059.jpg,0.0000
IMG_0160_0060.jpg,0.0000
IMG_0160_0061.jpg,0.0000
IMG_0160_0062.jpg,0.0000
IMG_0160_0063.jpg,0.0000
IMG_0160_0064.jpg,0.0000
IMG_0160_0065.jpg,0.0000
IMG_0160_0066.jpg,0.0000
IMG_0160_0067.jpg,0.0000
IMG_0160_0068.jpg,0.0000
IMG_0160_0069.jpg,0.0000
IMG_0160_0070.jpg,0.0000
IMG_0160_0071.jpg,0.0000
IMG_0160_0072.jpg,0.0000
IMG_0160_0073.jpg,0.0000
IMG_0160_0074.jpg,0.0000
IMG_0160_0075.jpg,0.0000
IMG_0160_0076.jpg,0.0000
IMG_0160_0077.jpg,0.0000
IMG_0160_0078.jpg,0.0000
IMG_0173_0000.jpg,0.8332
IMG_0173_0001.jpg,0.8193
IMG_0173_0002.jpg,0.8313
IMG_0173_0003.jpg,0.8151
IMG_0173_0004.jpg,0.8157
IMG_0173_0005.jpg,0.8218
IMG_0173_0006.jpg,0.8165
IMG_0173_0007.jpg,0.8114
IMG_0173_0008.jpg,0.8109
IMG_0173_0009.jpg,0.8078
IMG_0173_0010.jpg,0.8104
IMG_0173_0011.jpg,0.8198
IMG_0173_0012.jpg,0.8137
IMG_0173_0013.jpg,0.8132
IMG_0173_0014.jpg,0.8092
IMG_0173_0015.jpg,0.8059
IMG_0173_0016.jpg,0.8005
IMG_0173_0017.jpg,0.7960
IMG_0173_0018.jpg,0.7857
IMG_0173_0019.jpg,0.7847
IMG_0173_0020.jpg,0.7855
IMG_0173_0021.jpg,0.7867
IMG_0173_0022.jpg,0.7894
IMG_0173_0023.jpg,0.7828
IMG_0173_0024.jpg,0.7810
IMG_0173_0025.jpg,0.7857
IMG_0173_0026.jpg,0.7829
IMG_0173_0027.jpg,0.7817
IMG_0173_0028.jpg,0.7754
IMG_0173_0029.jpg,0.7787
IMG_0173_0030.jpg,0.7767
IMG_0173_0031.jpg,0.7808
IMG_0173_0032.jpg,0.7896
IMG_0173_0033.jpg,0.7818
IMG_0173_0034.jpg,0.7733
IMG_0173_0035.jpg,0.7653
IMG_0173_0036.jpg,0.7548
IMG_0173_0037.jpg,0.7545
IMG_0173_0038.jpg,0.7531
IMG_0173_0039.jpg,0.7461
IMG_0173_0040.jpg,0.7415
IMG_0173_0041.jpg,0.7314
IMG_0173_0042.jpg,0.7348
IMG_0173_0043.jpg,0.7409
IMG_0173_0044.jpg,0.7406
IMG_0173_0045.jpg,0.7360
IMG_0173_0046.jpg,0.7324
IMG_0173_0047.jpg,0.7316
IMG_0173_0048.jpg,0.7255
IMG_0173_0049.jpg,0.7283
IMG_0173_0050.jpg,0.7217
IMG_0173_0051.jpg,0.7171
IMG_0173_0052.jpg,0.7044
IMG_0173_0053.jpg,0.6949
IMG_0173_0054.jpg,0.6936
IMG_0173_0055.jpg,0.6893
IMG_0173_0056.jpg,0.6840
IMG_0173_0057.jpg,0.6797
IMG_0173_0058.jpg,0.6766
IMG_0173_0059.jpg,0.6708
IMG_0173_0060.jpg,0.6693
IMG_0173_0061.jpg,0.6684
IMG_0173_0062.jpg,0.6652
IMG_0173_0063.jpg,0.6618
IMG_0173_0064.jpg,0.6590
IMG_0173_0065.jpg,0.6540
IMG_0173_0066.jpg,0.6537
IMG_0173_0067.jpg,0.6517
IMG_0173_0068.jpg,0.6556
IMG_0173_0069.jpg,0.6542
IMG_0173_0070.jpg,0.6535
IMG_0173_0071.jpg,0.6416
IMG_0173_0072.jpg,0.6338
IMG_0173_0073.jpg,0.6375
IMG_0173_0074.jpg,0.6319
IMG_0173_0075.jpg,0.6247
IMG_0173_0076.jpg,0.6187
IMG_0173_0077.jpg,0.6121
IMG_0173_0078.jpg,0.5954
IMG_0173_0079.jpg,0.5908
IMG_0173_0080.jpg,0.5869
IMG_0173_0081.jpg,0.5883
IMG_0173_0082.jpg,0.5861
IMG_0173_0083.jpg,0.5776
IMG_0173_0084.jpg,0.5802
IMG_0173_0085.jpg,0.5731
IMG_0173_0086.jpg,0.5750
IMG_0173_0087.jpg,0.5713
IMG_0173_0088.jpg,0.5763
IMG_0173_0089.jpg,0.5695
IMG_0173_0090.jpg,0.5677
IMG_0173_0091.jpg,0.5695
IMG_0173_0092.jpg,0.5804
IMG_0173_0093.jpg,0.5748
IMG_0173_0094.jpg,0.5708
IMG_0173_0095.jpg,0.5654
IMG_0173_0096.jpg,0.5675
IMG_0173_0097.jpg,0.5594
IMG_0173_0098.jpg,0.5566
IMG_0173_0099.jpg,0.5482
IMG_0173_0100.jpg,0.5543
IMG_0173_0101.jpg,0.5501
IMG_0173_0102.jpg,0.5461
IMG_0173_0103.jpg,0.5440
IMG_0173_0104.jpg,0.5445
IMG_0173_0105.jpg,0.5447
IMG_0173_0106.jpg,0.5407
IMG_0173_0107.jpg,0.5402
IMG_0173_0108.jpg,0.5502
IMG_0173_0109.jpg,0.5462
IMG_0173_0110.jpg,0.5393
IMG_0173_0111.jpg,0.5413
IMG_0173_0112.jpg,0.5413
IMG_0173_0113.jpg,0.5351
IMG_0173_0114.jpg,0.5409
IMG_0173_0115.jpg,0.5318
IMG_0173_0116.jpg,0.5392
IMG_0173_0117.jpg,0.5460
IMG_0173_0118.jpg,0.5322
IMG_0173_0119.jpg,0.5270
IMG_0173_0120.jpg,0.5236
IMG_0173_0121.jpg,0.5268
IMG_0173_0122.jpg,0.5203
IMG_0173_0123.jpg,0.5220
IMG_0173_0124.jpg,0.5201
IMG_0173_0125.jpg,0.5119
IMG_0173_0126.jpg,0.5085
IMG_0173_0127.jpg,0.5122
IMG_0173_0128.jpg,0.5131
IMG_0173_0129.jpg,0.5064
IMG_0173_0130.jpg,0.4968
IMG_0173_0131.jpg,0.4990
IMG_0173_0132.jpg,0.5013
IMG_0173_0133.jpg,0.4996
IMG_0173_0134.jpg,0.5008
IMG_0173_0135.jpg,0.5001
IMG_0173_0136.jpg,0.4927
IMG_0173_0137.jpg,0.4963
IMG_0173_0138.jpg,0.4957
IMG_0173_0139.jpg,0.4906
IMG_0173_0140.jpg,0.4803
IMG_0173_0141.jpg,0.4892
IMG_0173_0142.jpg,0.4871
IMG_0173_0143.jpg,0.4772
IMG_0173_0144.jpg,0.4771
IMG_0173_0145.jpg,0.4766
IMG_0173_0146.jpg,0.4883
IMG_0173_0147.jpg,0.4869
IMG_0173_0148.jpg,0.4819
IMG_0173_0149.jpg,0.4850
IMG_0173_0150.jpg,0.4835
IMG_0173_0151.jpg,0.4815
IMG_0173_0152.jpg,0.4800
IMG_0173_0153.jpg,0.4824
IMG_0173_0154.jpg,0.4759
IMG_0173_0155.jpg,0.4750
IMG_0173_0156.jpg,0.4675
IMG_0173_0157.jpg,0.4755
IMG_0173_0158.jpg,0.4656
IMG_0173_0159.jpg,0.4693
IMG_0173_0160.jpg,0.4653
IMG_0173_0161.jpg,0.4561
IMG_0173_0162.jpg,0.4551
IMG_0173_0163.jpg,0.4523
IMG_0173_0164.jpg,0.4488
IMG_0173_0165.jpg,0.4455
IMG_0173_0166.jpg,0.4367
IMG_0173_0167.jpg,0.4366
IMG_0173_0168.jpg,0.4265
IMG_0173_0169.jpg,0.4328
IMG_0173_0170.jpg,0.4338
IMG_0173_0171.jpg,0.4353
IMG_0173_0172.jpg,0.4339
IMG_0173_0173.jpg,0.4220
IMG_0173_0174.jpg,0.4149
IMG_0173_0175.jpg,0.4093
IMG_0173_0176.jpg,0.4115
IMG_0173_0177.jpg,0.4085
IMG_0173_0178.jpg,0.4129
IMG_0173_0179.jpg,0.4171
IMG_0173_0180.jpg,0.4088
IMG_0173_0181.jpg,0.3986
IMG_0173_0182.jpg,0.4028
IMG_0173_0183.jpg,0.4011
IMG_0173_0184.jpg,0.4061
IMG_0173_0185.jpg,0.3970
IMG_0173_0186.jpg,0.3939
IMG_0173_0187.jpg,0.3925
IMG_0173_0188.jpg,0.3955
IMG_0173_0189.jpg,0.3957
IMG_0173_0190.jpg,0.3901
IMG_0173_0191.jpg,0.3912
IMG_0173_0192.jpg,0.3793
IMG_0173_0193.jpg,0.3777
IMG_0173_0194.jpg,0.3740
IMG_0173_0195.jpg,0.3717
IMG_0173_0196.jpg,0.3740
IMG_0173_0197.jpg,0.3761
IMG_0173_0198.jpg,0.3646
IMG_0173_0199.jpg,0.3563
IMG_0173_0200.jpg,0.3548
IMG_0173_0201.jpg,0.3519
IMG_0173_0202.jpg,0.3478
IMG_0173_0203.jpg,0.3542
IMG_0173_0204.jpg,0.3334
IMG_0173_0205.jpg,0.3387
IMG_0173_0206.jpg,0.3623
IMG_0173_0207.jpg,0.3600
IMG_0173_0208.jpg,0.3709
IMG_0173_0209.jpg,0.3379
IMG_0173_0210.jpg,0.3491
IMG_0173_0211.jpg,0.3421
IMG_0173_0212.jpg,0.3229
IMG_0173_0213.jpg,0.3018
IMG_0173_0214.jpg,0.3130
IMG_0173_0215.jpg,0.3195
IMG_0173_0216.jpg,0.3125
IMG_0173_0217.jpg,0.2996
IMG_0173_0218.jpg,0.3063
IMG_0173_0219.jpg,0.2996
IMG_0173_0220.jpg,0.2966
IMG_0173_0221.jpg,0.2956
IMG_0173_0222.jpg,0.2832
IMG_0173_0223.jpg,0.2910
IMG_0173_0224.jpg,0.2781
IMG_0173_0225.jpg,0.2654
IMG_0173_0226.jpg,0.2750
IMG_0173_0227.jpg,0.2500
IMG_0173_0228.jpg,0.2480
IMG_0173_0229.jpg,0.2414
IMG_0173_0230.jpg,0.2224
IMG_0173_0231.jpg,0.2401
IMG_0173_0232.jpg,0.2356
IMG_0173_0233.jpg,0.2473
IMG_0173_0234.jpg,0.1610
IMG_0173_0235.jpg,0.2078
IMG_0173_0236.jpg,0.2147
IMG_0173_0237.jpg,0.2124
IMG_0173_0238.jpg,0.0000
IMG_0173_0239.jpg,0.1339
IMG_0173_0240.jpg,0.1554
IMG_0173_0241.jpg,0.1238
IMG_0173_0242.jpg,0.1558
IMG_0173_0243.jpg,0.2019
IMG_0173_0244.jpg,0.1209
IMG_0173_0245.jpg,0.2061
IMG_0173_0246.jpg,0.1674
IMG_0173_0247.jpg,0.1671
IMG_0173_0248.jpg,0.2088
IMG_0173_0249.jpg,0.2287
IMG_0173_0250.jpg,0.2039
IMG_0173_0251.jpg,0.1899
IMG_0173_0252.jpg,0.1883
IMG_0173_0253.jpg,0.1569
IMG_0173_0254.jpg,0.1559
IMG_0173_0255.jpg,0.1609
IMG_0173_0256.jpg,0.1696
IMG_0173_0257.jpg,0.1582
IMG_0173_0258.jpg,0.1553
IMG_0173_0259.jpg,0.1528
IMG_0173_0260.jpg,0.1456
IMG_0173_0261.jpg,0.1382
IMG_0173_0262.jpg,0.1285
IMG_0173_0263.jpg,0.1415
IMG_0173_0264.jpg,0.1318
IMG_0173_0265.jpg,0.1294
IMG_0173_0266.jpg,0.0996
IMG_0173_0267.jpg,0.1168
IMG_0173_0268.jpg,0.1056
IMG_0173_0269.jpg,0.0943
IMG_0173_0270.jpg,0.1109
IMG_0173_0271.jpg,0.0921
IMG_0173_0272.jpg,0.0787
IMG_0173_0273.jpg,0.0909
IMG_0173_0274.jpg,0.0959
IMG_0173_0275.jpg,0.0997
IMG_0173_0276.jpg,0.0855
IMG_0173_0277.jpg,0.0845
IMG_0173_0278.jpg,0.0836
IMG_0173_0279.jpg,0.0699
IMG_0173_0280.jpg,0.0727
IMG_0173_0281.jpg,0.0766
IMG_0173_0282.jpg,0.0835
IMG_0173_0283.jpg,0.0685
IMG_0173_0284.jpg,0.0479
IMG_0173_0285.jpg,0.0546
IMG_0173_0286.jpg,0.0406
IMG_0173_0287.jpg,0.0366
IMG_0173_0288.jpg,0.0525
IMG_0173_0289.jpg,0.0414
IMG_0173_0290.jpg,0.0408
IMG_0173_0291.jpg,0.0422
IMG_0173_0292.jpg,0.0394
IMG_0173_0293.jpg,0.0334
IMG_0173_0294.jpg,0.0351
IMG_0173_0295.jpg,0.0265
IMG_0173_0296.jpg,0.0150
IMG_0173_0297.jpg,0.0118
IMG_0173_0298.jpg,0.0318
IMG_0173_0299.jpg,0.0304
IMG_0173_0300.jpg,0.0363
IMG_0173_0301.jpg,0.0433
IMG_0173_0302.jpg,0.0378
IMG_0176_0000.jpg,0.7665
IMG_0176_0001.jpg,0.7689
IMG_0176_0002.jpg,0.7704
IMG_0176_0003.jpg,0.7731
IMG_0176_0004.jpg,0.7657
IMG_0176_0005.jpg,0.7645
IMG_0176_0006.jpg,0.7600
IMG_0176_0007.jpg,0.7532
IMG_0176_0008.jpg,0.7629
IMG_0176_0009.jpg,0.7458
IMG_0176_0010.jpg,0.7447
IMG_0176_0011.jpg,0.7451
IMG_0176_0012.jpg,0.7449
IMG_0176_0013.jpg,0.7478
IMG_0176_0014.jpg,0.7447
IMG_0176_0015.jpg,0.7399
IMG_0176_0016.jpg,0.7373
IMG_0176_0017.jpg,0.7386
IMG_0176_0018.jpg,0.7339
IMG_0176_0019.jpg,0.7372
IMG_0176_0020.jpg,0.7328
IMG_0176_0021.jpg,0.7316
IMG_0176_0022.jpg,0.7198
IMG_0176_0023.jpg,0.7230
IMG_0176_0024.jpg,0.7183
IMG_0176_0025.jpg,0.7131
IMG_0176_0026.jpg,0.7106
IMG_0176_0027.jpg,0.7084
IMG_0176_0028.jpg,0.7048
IMG_0176_0029.jpg,0.7105
IMG_0176_0030.jpg,0.7098
IMG_0176_0031.jpg,0.6980
IMG_0176_0032.jpg,0.6925
IMG_0176_0033.jpg,0.6887
IMG_0176_0034.jpg,0.6864
IMG_0176_0035.jpg,0.6780
IMG_0176_0036.jpg,0.6737
IMG_0176_0037.jpg,0.6726
IMG_0176_0038.jpg,0.6693
IMG_0176_0039.jpg,0.6673
IMG_0176_0040.jpg,0.6612
IMG_0176_0041.jpg,0.6580
IMG_0176_0042.jpg,0.6506
IMG_0176_0043.jpg,0.6516
IMG_0176_0044.jpg,0.6486
IMG_0176_0045.jpg,0.6460
IMG_0176_0046.jpg,0.6407
IMG_0176_0047.jpg,0.6397
IMG_0176_0048.jpg,0.6360
IMG_0176_0049.jpg,0.6376
IMG_0176_0050.jpg,0.6317
IMG_0176_0051.jpg,0.6333
IMG_0176_0052.jpg,0.6283
IMG_0176_0053.jpg,0.6256
IMG_0176_0054.jpg,0.6229
IMG_0176_0055.jpg,0.6187
IMG_0176_0056.jpg,0.6135
IMG_0176_0057.jpg,0.6138
IMG_0176_0058.jpg,0.6103
IMG_0176_0059.jpg,0.6112
IMG_0176_0060.jpg,0.6043
IMG_0176_0061.jpg,0.6090
IMG_0176_0062.jpg,0.6069
IMG_0176_0063.jpg,0.6018
IMG_0176_0064.jpg,0.6015
IMG_0176_0065.jpg,0.5969
IMG_0176_0066.jpg,0.5907
IMG_0176_0067.jpg,0.5902
IMG_0176_0068.jpg,0.5917
IMG_0176_0069.jpg,0.5938
IMG_0176_0070.jpg,0.5905
IMG_0176_0071.jpg,0.5888
IMG_0176_0072.jpg,0.5886
IMG_0176_0073.jpg,0.5841
IMG_0176_0074.jpg,0.5842
IMG_0176_0075.jpg,0.5806
IMG_0176_0076.jpg,0.5692
IMG_0176_0077.jpg,0.5720
IMG_0176_0078.jpg,0.5686
IMG_0176_0079.jpg,0.5689
IMG_0176_0080.jpg,0.5712
IMG_0176_0081.jpg,0.5696
IMG_0176_0082.jpg,0.5728
IMG_0176_0083.jpg,0.5725
IMG_0176_0084.jpg,0.5687
IMG_0176_0085.jpg,0.5727
IMG_0176_0086.jpg,0.5683
IMG_0176_0087.jpg,0.5628
IMG_0176_0088.jpg,0.5601
IMG_0176_0089.jpg,0.5631
IMG_0176_0090.jpg,0.5571
IMG_0176_0091.jpg,0.5535
IMG_0176_0092.jpg,0.5497
IMG_0176_0093.jpg,0.5449
IMG_0176_0094.jpg,0.5335
IMG_0176_0095.jpg,0.5342
IMG_0176_0096.jpg,0.5317
IMG_0176_0097.jpg,0.5278
IMG_0176_0098.jpg,0.5252
IMG_0176_0099.jpg,0.5216
IMG_0176_0100.jpg,0.5181
IMG_0176_0101.jpg,0.5170
IMG_0176_0102.jpg,0.5182
IMG_0176_0103.jpg,0.5183
IMG_0176_0104.jpg,0.5146
IMG_0176_0105.jpg,0.5103
IMG_0176_0106.jpg,0.5048
IMG_0176_0107.jpg,0.5017
IMG_0176_0108.jpg,0.5011
IMG_0176_0109.jpg,0.5011
IMG_0176_0110.jpg,0.4998
IMG_0176_0111.jpg,0.4977
IMG_0176_0112.jpg,0.4996
IMG_0176_0113.jpg,0.5003
IMG_0176_0114.jpg,0.5001
IMG_0176_0115.jpg,0.4955
IMG_0176_0116.jpg,0.4909
IMG_0176_0117.jpg,0.4924
IMG_0176_0118.jpg,0.4962
IMG_0176_0119.jpg,0.4917
IMG_0176_0120.jpg,0.4856
IMG_0176_0121.jpg,0.4855
IMG_0176_0122.jpg,0.4870
IMG_0176_0123.jpg,0.4865
IMG_0176_0124.jpg,0.4831
IMG_0176_0125.jpg,0.4827
IMG_0176_0126.jpg,0.4821
IMG_0176_0127.jpg,0.4776
IMG_0176_0128.jpg,0.4768
IMG_0176_0129.jpg,0.4705
IMG_0176_0130.jpg,0.4717
IMG_0176_0131.jpg,0.4703
IMG_0176_0132.jpg,0.4684
IMG_0176_0133.jpg,0.4692
IMG_0176_0134.jpg,0.4651
IMG_0176_0135.jpg,0.4641
IMG_0176_0136.jpg,0.4629
IMG_0176_0137.jpg,0.4645
IMG_0176_0138.jpg,0.4636
IMG_0176_0139.jpg,0.4549
IMG_0176_0140.jpg,0.4549
IMG_0176_0141.jpg,0.4576
IMG_0176_0142.jpg,0.4485
IMG_0176_0143.jpg,0.4488
IMG_0176_0144.jpg,0.4499
IMG_0176_0145.jpg,0.4493
IMG_0176_0146.jpg,0.4475
IMG_0176_0147.jpg,0.4428
IMG_0176_0148.jpg,0.4450
IMG_0176_0149.jpg,0.4396
IMG_0176_0150.jpg,0.4404
IMG_0176_0151.jpg,0.4426
IMG_0176_0152.jpg,0.4447
IMG_0176_0153.jpg,0.4495
IMG_0176_0154.jpg,0.4460
IMG_0176_0155.jpg,0.4440
IMG_0176_0156.jpg,0.4577
IMG_0176_0157.jpg,0.4545
IMG_0176_0158.jpg,0.4405
IMG_0176_0159.jpg,0.4504
IMG_0176_0160.jpg,0.4412
IMG_0176_0161.jpg,0.4435
IMG_0176_0162.jpg,0.4344
IMG_0176_0163.jpg,0.4401
IMG_0176_0164.jpg,0.4358
IMG_0176_0165.jpg,0.4403
IMG_0176_0166.jpg,0.4438
IMG_0176_0167.jpg,0.4376
IMG_0176_0168.jpg,0.4358
IMG_0176_0169.jpg,0.4423
IMG_0176_0170.jpg,0.4436
IMG_0176_0171.jpg,0.4477
IMG_0176_0172.jpg,0.4532
IMG_0176_0173.jpg,0.4613
IMG_0176_0174.jpg,0.4537
IMG_0176_0175.jpg,0.4427
IMG_0176_0176.jpg,0.4463
IMG_0176_0177.jpg,0.4342
IMG_0176_0178.jpg,0.4425
IMG_0176_0179.jpg,0.4369
IMG_0176_0180.jpg,0.4308
IMG_0176_0181.jpg,0.4276
IMG_0176_0182.jpg,0.4401
IMG_0176_0183.jpg,0.4429
IMG_0176_0184.jpg,0.4466
IMG_0176_0185.jpg,0.4433
IMG_0176_0186.jpg,0.4365
IMG_0176_0187.jpg,0.4333
IMG_0176_0188.jpg,0.4271
IMG_0176_0189.jpg,0.4252
IMG_0176_0190.jpg,0.4285
IMG_0176_0191.jpg,0.4249
IMG_0176_0192.jpg,0.4157
IMG_0176_0193.jpg,0.4216
IMG_0176_0194.jpg,0.4134
IMG_0176_0195.jpg,0.4116
IMG_0176_0196.jpg,0.4102
IMG_0176_0197.jpg,0.4066
IMG_0176_0198.jpg,0.4053
IMG_0176_0199.jpg,0.4103
IMG_0176_0200.jpg,0.3963
IMG_0176_0201.jpg,0.3806
IMG_0176_0202.jpg,0.3872
IMG_0176_0203.jpg,0.3873
IMG_0176_0204.jpg,0.3817
IMG_0176_0205.jpg,0.3840
IMG_0176_0206.jpg,0.3795
IMG_0176_0207.jpg,0.3709
IMG_0176_0208.jpg,0.3588
IMG_0176_0209.jpg,0.3675
IMG_0176_0210.jpg,0.3390
IMG_0176_0211.jpg,0.3341
IMG_0176_0212.jpg,0.3521
IMG_0176_0213.jpg,0.3595
IMG_0176_0214.jpg,0.3649
IMG_0176_0215.jpg,0.3671
IMG_0176_0216.jpg,0.3642
IMG_0176_0217.jpg,0.3552
IMG_0176_0218.jpg,0.3564
IMG_0176_0219.jpg,0.3431
IMG_0176_0220.jpg,0.3683
IMG_0176_0221.jpg,0.3570
IMG_0176_0222.jpg,0.3604
IMG_0176_0223.jpg,0.3303
IMG_0176_0224.jpg,0.3377
IMG_0176_0225.jpg,0.3289
IMG_0176_0226.jpg,0.3402
IMG_0176_0227.jpg,0.3364
IMG_0176_0228.jpg,0.3346
IMG_0176_0229.jpg,0.3341
IMG_0176_0230.jpg,0.3187
IMG_0176_0231.jpg,0.2763
IMG_0176_0232.jpg,0.2922
IMG_0176_0233.jpg,0.2941
IMG_0176_0234.jpg,0.2949
IMG_0176_0235.jpg,0.2820
IMG_0176_0236.jpg,0.2827
IMG_0176_0237.jpg,0.2882
IMG_0176_0238.jpg,0.2940
IMG_0176_0239.jpg,0.2858
IMG_0176_0240.jpg,0.2790
IMG_0176_0241.jpg,0.2765
IMG_0176_0242.jpg,0.2635
IMG_0176_0243.jpg,0.2627
IMG_0176_0244.jpg,0.2652
IMG_0176_0245.jpg,0.2558
IMG_0176_0246.jpg,0.2513
IMG_0176_0247.jpg,0.2517
IMG_0176_0248.jpg,0.2258
IMG_0176_0249.jpg,0.2453
IMG_0176_0250.jpg,0.2340
IMG_0176_0251.jpg,0.2292
IMG_0176_0252.jpg,0.2159
IMG_0176_0253.jpg,0.2217
IMG_0176_0254.jpg,0.2290
IMG_0176_0255.jpg,0.2133
IMG_0176_0256.jpg,0.2244
IMG_0176_0257.jpg,0.2175
IMG_0176_0258.jpg,0.2078
IMG_0176_0259.jpg,0.1942
IMG_0176_0260.jpg,0.1983
IMG_0176_0261.jpg,0.3132
IMG_0176_0262.jpg,0.1829
IMG_0176_0263.jpg,0.1739
IMG_0176_0264.jpg,0.1750
IMG_0176_0265.jpg,0.1719
IMG_0176_0266.jpg,0.1732
IMG_0176_0267.jpg,0.1509
IMG_0176_0268.jpg,0.1357
IMG_0176_0269.jpg,0.1362
IMG_0176_0270.jpg,0.1351
IMG_0176_0271.jpg,0.1132
IMG_0176_0272.jpg,0.1033
IMG_0176_0273.jpg,0.1011
IMG_0176_0274.jpg,0.0969
IMG_0176_0275.jpg,0.0876
IMG_0176_0276.jpg,0.0909
IMG_0176_0277.jpg,0.0896
IMG_0176_0278.jpg,0.0819
IMG_0176_0279.jpg,0.0796
IMG_0176_0280.jpg,0.0834
IMG_0176_0281.jpg,0.0765
IMG_0176_0282.jpg,0.0807
IMG_0176_0283.jpg,0.0724
IMG_0176_0284.jpg,0.0612
IMG_0176_0285.jpg,0.0715
IMG_0176_0286.jpg,0.0738
IMG_0176_0287.jpg,0.0722
IMG_0176_0288.jpg,0.0843
IMG_0177_0000.jpg,0.9432
IMG_0177_0001.jpg,0.9417
IMG_0177_0002.jpg,0.9195
IMG_0177_0003.jpg,0.9345
IMG_0177_0004.jpg,0.8900
IMG_0177_0005.jpg,0.9050
IMG_0177_0006.jpg,0.8987
IMG_0177_0007.jpg,0.8998
IMG_0177_0008.jpg,0.9045
IMG_0177_0009.jpg,0.8851
IMG_0177_0010.jpg,0.8896
IMG_0177_0011.jpg,0.8702
IMG_0177_0012.jpg,0.8633
IMG_0177_0013.jpg,0.8543
IMG_0177_0014.jpg,0.8700
IMG_0177_0015.jpg,0.8558
IMG_0177_0016.jpg,0.8434
IMG_0177_0017.jpg,0.8305
IMG_0177_0018.jpg,0.8142
IMG_0177_0019.jpg,0.8107
IMG_0177_0020.jpg,0.8047
IMG_0177_0021.jpg,0.8014
IMG_0177_0022.jpg,0.7985
IMG_0177_0023.jpg,0.8003
IMG_0177_0024.jpg,0.7918
IMG_0177_0025.jpg,0.7844
IMG_0177_0026.jpg,0.7892
IMG_0177_0027.jpg,0.7836
IMG_0177_0028.jpg,0.7888
IMG_0177_0029.jpg,0.7814
IMG_0177_0030.jpg,0.7832
IMG_0177_0031.jpg,0.7683
IMG_0177_0032.jpg,0.7646
IMG_0177_0033.jpg,0.7539
IMG_0177_0034.jpg,0.7501
IMG_0177_0035.jpg,0.7521
IMG_0177_0036.jpg,0.7427
IMG_0177_0037.jpg,0.7389
IMG_0177_0038.jpg,0.7346
IMG_0177_0039.jpg,0.7352
IMG_0177_0040.jpg,0.7293
IMG_0177_0041.jpg,0.7383
IMG_0177_0042.jpg,0.7290
IMG_0177_0043.jpg,0.7303
IMG_0177_0044.jpg,0.7193
IMG_0177_0045.jpg,0.7075
IMG_0177_0046.jpg,0.7040
IMG_0177_0047.jpg,0.6944
IMG_0177_0048.jpg,0.6990
IMG_0177_0049.jpg,0.6976
IMG_0177_0050.jpg,0.6952
IMG_0177_0051.jpg,0.6899
IMG_0177_0052.jpg,0.6819
IMG_0177_0053.jpg,0.6803
IMG_0177_0054.jpg,0.6814
IMG_0177_0055.jpg,0.6782
IMG_0177_0056.jpg,0.6720
IMG_0177_0057.jpg,0.6698
IMG_0177_0058.jpg,0.6669
IMG_0177_0059.jpg,0.6622
IMG_0177_0060.jpg,0.6612
IMG_0177_0061.jpg,0.6563
IMG_0177_0062.jpg,0.6480
IMG_0177_0063.jpg,0.6516
IMG_0177_0064.jpg,0.6503
IMG_0177_0065.jpg,0.6409
IMG_0177_0066.jpg,0.6417
IMG_0177_0067.jpg,0.6355
IMG_0177_0068.jpg,0.6274
IMG_0177_0069.jpg,0.6323
IMG_0177_0070.jpg,0.6228
IMG_0177_0071.jpg,0.6205
IMG_0177_0072.jpg,0.6182
IMG_0177_0073.jpg,0.6214
IMG_0177_0074.jpg,0.6129
IMG_0177_0075.jpg,0.6116
IMG_0177_0076.jpg,0.6072
IMG_0177_0077.jpg,0.6033
IMG_0177_0078.jpg,0.6080
IMG_0177_0079.jpg,0.6056
IMG_0177_0080.jpg,0.6005
IMG_0177_0081.jpg,0.5943
IMG_0177_0082.jpg,0.5853
IMG_0177_0083.jpg,0.5955
IMG_0177_0084.jpg,0.5805
IMG_0177_0085.jpg,0.5847
IMG_0177_0086.jpg,0.5899
IMG_0177_0087.jpg,0.5861
IMG_0177_0088.jpg,0.5795
IMG_0177_0089.jpg,0.5840
IMG_0177_0090.jpg,0.5835
IMG_0177_0091.jpg,0.5826
IMG_0177_0092.jpg,0.5718
IMG_0177_0093.jpg,0.5679
IMG_0177_0094.jpg,0.5750
IMG_0177_0095.jpg,0.5650
IMG_0177_0096.jpg,0.5648
IMG_0177_0097.jpg,0.5600
IMG_0177_0098.jpg,0.5651
IMG_0177_0099.jpg,0.5607
IMG_0177_0100.jpg,0.5689
IMG_0177_0101.jpg,0.5656
IMG_0177_0102.jpg,0.5640
IMG_0177_0103.jpg,0.5456
IMG_0177_0104.jpg,0.5426
IMG_0177_0105.jpg,0.5471
IMG_0177_0106.jpg,0.5580
IMG_0177_0107.jpg,0.5400
IMG_0177_0108.jpg,0.5463
IMG_0177_0109.jpg,0.5397
IMG_0177_0110.jpg,0.5398
IMG_0177_0111.jpg,0.5394
IMG_0177_0112.jpg,0.5323
IMG_0177_0113.jpg,0.5253
IMG_0177_0114.jpg,0.5238
IMG_0177_0115.jpg,0.5218
IMG_0177_0116.jpg,0.5143
IMG_0177_0117.jpg,0.5237
IMG_0177_0118.jpg,0.5071
IMG_0177_0119.jpg,0.5081
IMG_0177_0120.jpg,0.5033
IMG_0177_0121.jpg,0.5049
IMG_0177_0122.jpg,0.5049
IMG_0177_0123.jpg,0.4968
IMG_0177_0124.jpg,0.4926
IMG_0177_0125.jpg,0.4992
IMG_0177_0126.jpg,0.4985
IMG_0177_0127.jpg,0.4979
IMG_0177_0128.jpg,0.4894
IMG_0177_0129.jpg,0.4859
IMG_0177_0130.jpg,0.4874
IMG_0177_0131.jpg,0.4898
IMG_0177_0132.jpg,0.4850
IMG_0177_0133.jpg,0.4843
IMG_0177_0134.jpg,0.4780
IMG_0177_0135.jpg,0.4779
IMG_0177_0136.jpg,0.4851
IMG_0177_0137.jpg,0.4817
IMG_0177_0138.jpg,0.4775
IMG_0177_0139.jpg,0.4761
IMG_0177_0140.jpg,0.4710
IMG_0177_0141.jpg,0.4695
IMG_0177_0142.jpg,0.4688
IMG_0177_0143.jpg,0.4695
IMG_0177_0144.jpg,0.4636
IMG_0177_0145.jpg,0.4627
IMG_0177_0146.jpg,0.4580
IMG_0177_0147.jpg,0.4576
IMG_0177_0148.jpg,0.4518
IMG_0177_0149.jpg,0.4505
IMG_0177_0150.jpg,0.4468
IMG_0177_0151.jpg,0.4439
IMG_0177_0152.jpg,0.4430
IMG_0177_0153.jpg,0.4428
IMG_0177_0154.jpg,0.4385
IMG_0177_0155.jpg,0.4372
IMG_0177_0156.jpg,0.4368
IMG_0177_0157.jpg,0.4359
IMG_0177_0158.jpg,0.4302
IMG_0177_0159.jpg,0.4298
IMG_0177_0160.jpg,0.4292
IMG_0177_0161.jpg,0.4172
IMG_0177_0162.jpg,0.4319
IMG_0177_0163.jpg,0.4175
IMG_0177_0164.jpg,0.4185
IMG_0177_0165.jpg,0.4062
IMG_0177_0166.jpg,0.4075
IMG_0177_0167.jpg,0.4045
IMG_0177_0168.jpg,0.4101
IMG_0177_0169.jpg,0.4087
IMG_0177_0170.jpg,0.4031
IMG_0177_0171.jpg,0.4030
IMG_0177_0172.jpg,0.3983
IMG_0177_0173.jpg,0.3910
IMG_0177_0174.jpg,0.3970
IMG_0177_0175.jpg,0.3955
IMG_0177_0176.jpg,0.3879
IMG_0177_0177.jpg,0.3873
IMG_0177_0178.jpg,0.3877
IMG_0177_0179.jpg,0.3780
IMG_0177_0180.jpg,0.3906
IMG_0177_0181.jpg,0.3795
IMG_0177_0182.jpg,0.3762
IMG_0177_0183.jpg,0.3665
IMG_0177_0184.jpg,0.3684
IMG_0177_0185.jpg,0.3667
IMG_0177_0186.jpg,0.3643
IMG_0177_0187.jpg,0.3661
IMG_0177_0188.jpg,0.3525
IMG_0177_0189.jpg,0.3496
IMG_0177_0190.jpg,0.3420
IMG_0177_0191.jpg,0.3421
IMG_0177_0192.jpg,0.3455
IMG_0177_0193.jpg,0.3462
IMG_0177_0194.jpg,0.3403
IMG_0177_0195.jpg,0.3409
IMG_0177_0196.jpg,0.3279
IMG_0177_0197.jpg,0.3315
IMG_0177_0198.jpg,0.3338
IMG_0177_0199.jpg,0.3297
IMG_0177_0200.jpg,0.3153
IMG_0177_0201.jpg,0.3162
IMG_0177_0202.jpg,0.3132
IMG_0177_0203.jpg,0.3173
IMG_0177_0204.jpg,0.3173
IMG_0177_0205.jpg,0.3148
IMG_0177_0206.jpg,0.3070
IMG_0177_0207.jpg,0.2970
IMG_0177_0208.jpg,0.2976
IMG_0177_0209.jpg,0.2930
IMG_0177_0210.jpg,0.2836
IMG_0177_0211.jpg,0.2896
IMG_0177_0212.jpg,0.2904
IMG_0177_0213.jpg,0.2849
IMG_0177_0214.jpg,0.2740
IMG_0177_0215.jpg,0.2648
IMG_0177_0216.jpg,0.2511
IMG_0177_0217.jpg,0.2451
IMG_0177_0218.jpg,0.2430
IMG_0177_0219.jpg,0.2403
IMG_0177_0220.jpg,0.2356
IMG_0177_0221.jpg,0.2382
IMG_0177_0222.jpg,0.2337
IMG_0177_0223.jpg,0.2318
IMG_0177_0224.jpg,0.2239
IMG_0177_0225.jpg,0.2075
IMG_0177_0226.jpg,0.2068
IMG_0177_0227.jpg,0.2026
IMG_0177_0228.jpg,0.1872
IMG_0177_0229.jpg,0.1767
IMG_0177_0230.jpg,0.1578
IMG_0177_0231.jpg,0.1483
IMG_0177_0232.jpg,0.1370
IMG_0177_0233.jpg,0.1383
IMG_0177_0234.jpg,0.1058
IMG_0177_0235.jpg,0.1024
IMG_0177_0236.jpg,0.1268
IMG_0177_0237.jpg,0.1091
IMG_0177_0238.jpg,0.1035
IMG_0177_0239.jpg,0.1095
IMG_0177_0240.jpg,0.1123
IMG_0177_0241.jpg,0.1158
IMG_0177_0242.jpg,0.1501
IMG_0177_0243.jpg,0.0000
IMG_0177_0244.jpg,0.1031
IMG_0177_0245.jpg,0.0881
IMG_0177_0246.jpg,0.0549
IMG_0177_0247.jpg,0.0549
IMG_0177_0248.jpg,0.0437
IMG_0177_0249.jpg,0.0504
IMG_0177_0250.jpg,0.0094
IMG_0177_0251.jpg,0.0652
IMG_0177_0252.jpg,0.0290
IMG_0177_0253.jpg,0.0319
IMG_0177_0254.jpg,0.0449
IMG_0177_0255.jpg,0.0275
IMG_0177_0256.jpg,0.0458
IMG_0177_0257.jpg,0.0469
IMG_0177_0258.jpg,0.0000
IMG_0177_0259.jpg,0.0000
IMG_0177_0260.jpg,0.0000
IMG_0177_0261.jpg,0.0206
IMG_0177_0262.jpg,0.0000
IMG_0177_0263.jpg,0.0000
IMG_0177_0264.jpg,0.0000
IMG_0177_0265.jpg,0.0000
IMG_0177_0266.jpg,0.0000
IMG_0177_0267.jpg,0.0000
IMG_0177_0268.jpg,0.0000
IMG_0177_0269.jpg,0.0000
IMG_0177_0270.jpg,0.0000
IMG_0177_0271.jpg,0.0000
IMG_0177_0272.jpg,0.0000
IMG_0177_0273.jpg,0.0000
IMG_0177_0274.jpg,0.0000
IMG_0177_0275.jpg,0.0000
IMG_0179_0000.jpg,0.7420
IMG_0179_0001.jpg,0.7441
IMG_0179_0002.jpg,0.7432
IMG_0179_0003.jpg,0.7415
IMG_0179_0004.jpg,0.7395
IMG_0179_0005.jpg,0.7372
IMG_0179_0006.jpg,0.7403
IMG_0179_0007.jpg,0.7366
IMG_0179_0008.jpg,0.7379
IMG_0179_0009.jpg,0.7364
IMG_0179_0010.jpg,0.7286
IMG_0179_0011.jpg,0.7347
IMG_0179_0012.jpg,0.7360
IMG_0179_0013.jpg,0.7327
IMG_0179_0014.jpg,0.7256
IMG_0179_0015.jpg,0.7230
IMG_0179_0016.jpg,0.7339
IMG_0179_0017.jpg,0.7243
IMG_0179_0018.jpg,0.7258
IMG_0179_0019.jpg,0.7130
IMG_0179_0020.jpg,0.7133
IMG_0179_0021.jpg,0.7062
IMG_0179_0022.jpg,0.7064
IMG_0179_0023.jpg,0.7091
IMG_0179_0024.jpg,0.7035
IMG_0179_0025.jpg,0.7043
IMG_0179_0026.jpg,0.6948
IMG_0179_0027.jpg,0.6868
IMG_0179_0028.jpg,0.6810
IMG_0179_0029.jpg,0.6865
IMG_0179_0030.jpg,0.6798
IMG_0179_0031.jpg,0.6760
IMG_0179_0032.jpg,0.6786
IMG_0179_0033.jpg,0.6798
IMG_0179_0034.jpg,0.6732
IMG_0179_0035.jpg,0.6724
IMG_0179_0036.jpg,0.6686
IMG_0179_0037.jpg,0.6701
IMG_0179_0038.jpg,0.6725
IMG_0179_0039.jpg,0.6669
IMG_0179_0040.jpg,0.6723
IMG_0179_0041.jpg,0.6665
IMG_0179_0042.jpg,0.6679
IMG_0179_0043.jpg,0.6620
IMG_0179_0044.jpg,0.6616
IMG_0179_0045.jpg,0.6609
IMG_0179_0046.jpg,0.6586
IMG_0179_0047.jpg,0.6592
IMG_0179_0048.jpg,0.6607
IMG_0179_0049.jpg,0.6599
IMG_0179_0050.jpg,0.6629
IMG_0179_0051.jpg,0.6627
IMG_0179_0052.jpg,0.6588
IMG_0179_0053.jpg,0.6599
IMG_0179_0054.jpg,0.6548
IMG_0179_0055.jpg,0.6526
IMG_0179_0056.jpg,0.6417
IMG_0179_0057.jpg,0.6402
IMG_0179_0058.jpg,0.6416
IMG_0179_0059.jpg,0.6404
IMG_0179_0060.jpg,0.6406
IMG_0179_0061.jpg,0.6350
IMG_0179_0062.jpg,0.6409
IMG_0179_0063.jpg,0.6432
IMG_0179_0064.jpg,0.6541
IMG_0179_0065.jpg,0.6487
IMG_0179_0066.jpg,0.6556
IMG_0179_0067.jpg,0.6451
IMG_0179_0068.jpg,0.6431
IMG_0179_0069.jpg,0.6465
IMG_0179_0070.jpg,0.6398
IMG_0179_0071.jpg,0.6509
IMG_0179_0072.jpg,0.6459
IMG_0179_0073.jpg,0.6482
IMG_0179_0074.jpg,0.6484
IMG_0179_0075.jpg,0.6506
IMG_0179_0076.jpg,0.6476
IMG_0179_0077.jpg,0.6619
IMG_0179_0078.jpg,0.6411
IMG_0179_0079.jpg,0.6395
IMG_0179_0080.jpg,0.6519
IMG_0179_0081.jpg,0.6553
IMG_0179_0082.jpg,0.6444
IMG_0179_0083.jpg,0.6412
IMG_0179_0084.jpg,0.6338
IMG_0179_0085.jpg,0.6399
IMG_0179_0086.jpg,0.6281
IMG_0179_0087.jpg,0.6326
IMG_0179_0088.jpg,0.6314
IMG_0179_0089.jpg,0.6237
IMG_0179_0090.jpg,0.6321
IMG_0179_0091.jpg,0.6131
IMG_0179_0092.jpg,0.6166
IMG_0179_0093.jpg,0.6222
IMG_0179_0094.jpg,0.6149
IMG_0179_0095.jpg,0.6223
IMG_0179_0096.jpg,0.6161
IMG_0179_0097.jpg,0.6182
IMG_0179_0098.jpg,0.6075
IMG_0179_0099.jpg,0.6057
IMG_0179_0100.jpg,0.6123
IMG_0179_0101.jpg,0.6068
IMG_0179_0102.jpg,0.6077
IMG_0179_0103.jpg,0.6034
IMG_0179_0104.jpg,0.5946
IMG_0179_0105.jpg,0.5930
IMG_0179_0106.jpg,0.5883
IMG_0179_0107.jpg,0.5871
IMG_0179_0108.jpg,0.5911
IMG_0179_0109.jpg,0.5979
IMG_0179_0110.jpg,0.6006
IMG_0179_0111.jpg,0.6015
IMG_0179_0112.jpg,0.6104
IMG_0179_0113.jpg,0.6059
IMG_0179_0114.jpg,0.6029
IMG_0179_0115.jpg,0.6067
IMG_0179_0116.jpg,0.6036
IMG_0179_0117.jpg,0.6039
IMG_0179_0118.jpg,0.5969
IMG_0179_0119.jpg,0.5929
IMG_0179_0120.jpg,0.5892
IMG_0179_0121.jpg,0.5856
IMG_0179_0122.jpg,0.5895
IMG_0179_0123.jpg,0.5843
IMG_0179_0124.jpg,0.5869
IMG_0179_0125.jpg,0.5923
IMG_0179_0126.jpg,0.5897
IMG_0179_0127.jpg,0.5833
IMG_0179_0128.jpg,0.5813
IMG_0179_0129.jpg,0.5788
IMG_0179_0130.jpg,0.5936
IMG_0179_0131.jpg,0.5907
IMG_0179_0132.jpg,0.5933
IMG_0179_0133.jpg,0.5903
IMG_0179_0134.jpg,0.5894
IMG_0179_0135.jpg,0.5907
IMG_0179_0136.jpg,0.5883
IMG_0179_0137.jpg,0.5890
IMG_0179_0138.jpg,0.5853
IMG_0179_0139.jpg,0.5868
IMG_0179_0140.jpg,0.5854
IMG_0179_0141.jpg,0.5755
IMG_0179_0142.jpg,0.5764
IMG_0179_0143.jpg,0.5784
IMG_0179_0144.jpg,0.5716
IMG_0179_0145.jpg,0.5761
IMG_0179_0146.jpg,0.5660
IMG_0179_0147.jpg,0.5643
IMG_0179_0148.jpg,0.5726
IMG_0179_0149.jpg,0.5788
IMG_0179_0150.jpg,0.5645
IMG_0179_0151.jpg,0.5688
IMG_0179_0152.jpg,0.5643
IMG_0179_0153.jpg,0.5623
IMG_0179_0154.jpg,0.5607
IMG_0179_0155.jpg,0.5645
IMG_0179_0156.jpg,0.5583
IMG_0179_0157.jpg,0.5525
IMG_0179_0158.jpg,0.5533
IMG_0179_0159.jpg,0.5580
IMG_0179_0160.jpg,0.5479
IMG_0179_0161.jpg,0.5476
IMG_0179_0162.jpg,0.5416
IMG_0179_0163.jpg,0.5569
IMG_0179_0164.jpg,0.5483
IMG_0179_0165.jpg,0.5429
IMG_0179_0166.jpg,0.5413
IMG_0179_0167.jpg,0.5412
IMG_0179_0168.jpg,0.5334
IMG_0179_0169.jpg,0.5361
IMG_0179_0170.jpg,0.5348
IMG_0179_0171.jpg,0.5376
IMG_0179_0172.jpg,0.5302
IMG_0179_0173.jpg,0.5332
IMG_0179_0174.jpg,0.5367
IMG_0179_0175.jpg,0.5291
IMG_0179_0176.jpg,0.5326
IMG_0179_0177.jpg,0.5351
IMG_0179_0178.jpg,0.5291
IMG_0179_0179.jpg,0.5234
IMG_0179_0180.jpg,0.5241
IMG_0179_0181.jpg,0.5238
IMG_0179_0182.jpg,0.5274
IMG_0179_0183.jpg,0.5166
IMG_0179_0184.jpg,0.5212
IMG_0179_0185.jpg,0.5212
IMG_0179_0186.jpg,0.5202
IMG_0179_0187.jpg,0.5160
IMG_0179_0188.jpg,0.5057
IMG_0179_0189.jpg,0.5054
IMG_0179_0190.jpg,0.4943
IMG_0179_0191.jpg,0.4932
IMG_0179_0192.jpg,0.4925
IMG_0179_0193.jpg,0.4749
IMG_0179_0194.jpg,0.4716
IMG_0179_0195.jpg,0.4739
IMG_0179_0196.jpg,0.4707
IMG_0179_0197.jpg,0.4607
IMG_0179_0198.jpg,0.4810
IMG_0179_0199.jpg,0.4750
IMG_0179_0200.jpg,0.4637
IMG_0179_0201.jpg,0.4672
IMG_0179_0202.jpg,0.4619
IMG_0179_0203.jpg,0.4601
IMG_0179_0204.jpg,0.4638
IMG_0179_0205.jpg,0.4589
IMG_0179_0206.jpg,0.4598
IMG_0179_0207.jpg,0.4546
IMG_0179_0208.jpg,0.4621
IMG_0179_0209.jpg,0.4715
IMG_0179_0210.jpg,0.4621
IMG_0179_0211.jpg,0.4537
IMG_0179_0212.jpg,0.4504
IMG_0179_0213.jpg,0.4567
IMG_0179_0214.jpg,0.4533
IMG_0179_0215.jpg,0.4486
IMG_0179_0216.jpg,0.4474
IMG_0179_0217.jpg,0.4545
IMG_0179_0218.jpg,0.4447
IMG_0179_0219.jpg,0.4424
IMG_0179_0220.jpg,0.4396
IMG_0179_0221.jpg,0.4394
IMG_0179_0222.jpg,0.4434
IMG_0179_0223.jpg,0.4318
IMG_0179_0224.jpg,0.4291
IMG_0179_0225.jpg,0.4396
IMG_0179_0226.jpg,0.4383
IMG_0179_0227.jpg,0.4346
IMG_0179_0228.jpg,0.4482
IMG_0179_0229.jpg,0.4353
IMG_0179_0230.jpg,0.4343
IMG_0179_0231.jpg,0.4236
IMG_0179_0232.jpg,0.4317
IMG_0179_0233.jpg,0.4385
IMG_0179_0234.jpg,0.4400
IMG_0179_0235.jpg,0.4245
IMG_0179_0236.jpg,0.4272
IMG_0179_0237.jpg,0.4337
IMG_0179_0238.jpg,0.4302
IMG_0179_0239.jpg,0.4388
IMG_0179_0240.jpg,0.4192
IMG_0179_0241.jpg,0.4280
IMG_0179_0242.jpg,0.4295
IMG_0179_0243.jpg,0.4352
IMG_0179_0244.jpg,0.4287
IMG_0179_0245.jpg,0.4160
IMG_0179_0246.jpg,0.4181
IMG_0179_0247.jpg,0.4132
IMG_0179_0248.jpg,0.4267
IMG_0179_0249.jpg,0.4220
IMG_0179_0250.jpg,0.4194
IMG_0179_0251.jpg,0.4228
IMG_0179_0252.jpg,0.4186
IMG_0179_0253.jpg,0.4161
IMG_0179_0254.jpg,0.4170
IMG_0179_0258.jpg,0.4253
IMG_0179_0259.jpg,0.4207
IMG_0179_0260.jpg,0.4165
IMG_0179_0261.jpg,0.4078
IMG_0179_0262.jpg,0.4120
IMG_0179_0263.jpg,0.4086
IMG_0179_0264.jpg,0.4047
IMG_0179_0265.jpg,0.4110
IMG_0179_0266.jpg,0.4068
IMG_0179_0267.jpg,0.4027
IMG_0179_0268.jpg,0.4049
IMG_0179_0269.jpg,0.3860
IMG_0179_0270.jpg,0.4026
IMG_0179_0271.jpg,0.3969
IMG_0179_0272.jpg,0.4001
IMG_0179_0273.jpg,0.3942
IMG_0179_0274.jpg,0.3960
IMG_0179_0275.jpg,0.3914
IMG_0179_0276.jpg,0.3846
IMG_0179_0277.jpg,0.3797
IMG_0179_0278.jpg,0.3718
IMG_0179_0279.jpg,0.3660
IMG_0179_0280.jpg,0.3646
IMG_0179_0281.jpg,0.3589
IMG_0179_0282.jpg,0.3600
IMG_0179_0283.jpg,0.3560
IMG_0179_0284.jpg,0.3556
IMG_0179_0285.jpg,0.3556
IMG_0179_0286.jpg,0.3509
IMG_0179_0287.jpg,0.3503
IMG_0179_0288.jpg,0.3434
IMG_0179_0289.jpg,0.3426
IMG_0179_0290.jpg,0.3406
IMG_0179_0291.jpg,0.3337
IMG_0179_0292.jpg,0.3354
IMG_0179_0293.jpg,0.3340
IMG_0179_0294.jpg,0.3299
IMG_0179_0295.jpg,0.3262
IMG_0179_0296.jpg,0.3315
IMG_0179_0297.jpg,0.3261
IMG_0179_0298.jpg,0.3290
IMG_0179_0299.jpg,0.3313
IMG_0179_0300.jpg,0.3296
IMG_0179_0301.jpg,0.3300
IMG_0179_0302.jpg,0.3235
IMG_0179_0303.jpg,0.3312
IMG_0179_0304.jpg,0.3288
IMG_0179_0305.jpg,0.3192
IMG_0179_0306.jpg,0.3175
IMG_0179_0307.jpg,0.3090
IMG_0179_0308.jpg,0.3056
IMG_0179_0309.jpg,0.3160
IMG_0179_0310.jpg,0.3060
IMG_0179_0311.jpg,0.3019
IMG_0179_0312.jpg,0.2940
IMG_0179_0313.jpg,0.2961
IMG_0179_0314.jpg,0.2948
IMG_0179_0315.jpg,0.2920
IMG_0179_0316.jpg,0.2776
IMG_0179_0317.jpg,0.2845
IMG_0179_0318.jpg,0.2779
IMG_0179_0319.jpg,0.2733
IMG_0179_0320.jpg,0.2755
IMG_0179_0321.jpg,0.2813
IMG_0179_0322.jpg,0.2738
IMG_0179_0323.jpg,0.2585
IMG_0179_0324.jpg,0.2534
IMG_0179_0325.jpg,0.2464
IMG_0179_0326.jpg,0.2466
IMG_0179_0327.jpg,0.2362
IMG_0179_0328.jpg,0.2339
IMG_0179_0329.jpg,0.2307
IMG_0179_0330.jpg,0.2190
IMG_0179_0331.jpg,0.2190
IMG_0179_0332.jpg,0.2080
IMG_0179_0333.jpg,0.2046
IMG_0179_0334.jpg,0.1766
IMG_0179_0335.jpg,0.1739
IMG_0179_0336.jpg,0.1494
IMG_0179_0337.jpg,0.1434
IMG_0179_0338.jpg,0.1422
IMG_0179_0339.jpg,0.1220
IMG_0179_0340.jpg,0.1105
IMG_0179_0341.jpg,0.1019
IMG_0179_0342.jpg,0.1145
IMG_0179_0343.jpg,0.1061
IMG_0179_0344.jpg,0.0903
IMG_0179_0345.jpg,0.0767
IMG_0179_0346.jpg,0.0728
IMG_0179_0347.jpg,0.0593
IMG_0179_0348.jpg,0.0471
IMG_0179_0349.jpg,0.0558
IMG_0179_0350.jpg,0.0679
IMG_0179_0351.jpg,0.0527
IMG_0179_0352.jpg,0.0699
IMG_0179_0353.jpg,0.0593
IMG_0179_0354.jpg,0.0378
IMG_0179_0355.jpg,0.0148
IMG_0179_0356.jpg,0.0074
IMG_0179_0357.jpg,0.0317
IMG_0179_0358.jpg,0.0182
IMG_0179_0359.jpg,0.0228
IMG_0179_0360.jpg,0.0214
IMG_0179_0361.jpg,0.0269
IMG_0179_0362.jpg,0.0257
IMG_0179_0363.jpg,0.0411
IMG_0179_0364.jpg,0.0259
IMG_0179_0365.jpg,0.0234
IMG_0179_0366.jpg,0.0296
IMG_0179_0367.jpg,0.0420
IMG_0179_0368.jpg,0.0390
IMG_0179_0369.jpg,0.0359
IMG_0179_0370.jpg,0.0247
IMG_0179_0371.jpg,0.0123
IMG_0179_0372.jpg,0.0153
IMG_0179_0373.jpg,0.0329
IMG_0179_0374.jpg,0.0283
IMG_0179_0375.jpg,0.0203
IMG_0179_0376.jpg,0.0392
IMG_0179_0377.jpg,0.0188
IMG_0179_0378.jpg,0.0142
IMG_0179_0379.jpg,0.0369
IMG_0179_0380.jpg,0.0279
IMG_0179_0381.jpg,0.0286
IMG_0179_0382.jpg,0.0071
IMG_0179_0383.jpg,0.0402
IMG_0179_0384.jpg,0.0145
IMG_0179_0385.jpg,0.0086
IMG_0179_0386.jpg,0.0417
IMG_0179_0387.jpg,0.0203
IMG_0179_0388.jpg,0.0215
IMG_0180_0000.jpg,0.8698
IMG_0180_0001.jpg,0.8742
IMG_0180_0002.jpg,0.8816
IMG_0180_0003.jpg,0.8704
IMG_0180_0004.jpg,0.8617
IMG_0180_0005.jpg,0.8469
IMG_0180_0006.jpg,0.8568
IMG_0180_0007.jpg,0.8640
IMG_0180_0008.jpg,0.8483
IMG_0180_0009.jpg,0.8625
IMG_0180_0010.jpg,0.8593
IMG_0180_0011.jpg,0.8411
IMG_0180_0012.jpg,0.8472
IMG_0180_0013.jpg,0.8478
IMG_0180_0014.jpg,0.8548
IMG_0180_0015.jpg,0.8564
IMG_0180_0016.jpg,0.8408
IMG_0180_0017.jpg,0.8406
IMG_0180_0018.jpg,0.8128
IMG_0180_0019.jpg,0.8057
IMG_0180_0020.jpg,0.7984
IMG_0180_0021.jpg,0.8068
IMG_0180_0022.jpg,0.7872
IMG_0180_0023.jpg,0.7888
IMG_0180_0024.jpg,0.7675
IMG_0180_0025.jpg,0.7741
IMG_0180_0026.jpg,0.7494
IMG_0180_0027.jpg,0.7509
IMG_0180_0028.jpg,0.7570
IMG_0180_0029.jpg,0.7567
IMG_0180_0030.jpg,0.7562
IMG_0180_0031.jpg,0.7481
IMG_0180_0032.jpg,0.7503
IMG_0180_0033.jpg,0.7529
IMG_0180_0034.jpg,0.7568
IMG_0180_0035.jpg,0.7574
IMG_0180_0036.jpg,0.7502
IMG_0180_0037.jpg,0.7597
IMG_0180_0038.jpg,0.7527
IMG_0180_0039.jpg,0.7455
IMG_0180_0040.jpg,0.7315
IMG_0180_0041.jpg,0.7360
IMG_0180_0042.jpg,0.7131
IMG_0180_0043.jpg,0.7199
IMG_0180_0044.jpg,0.6999
IMG_0180_0045.jpg,0.7082
IMG_0180_0046.jpg,0.7103
IMG_0180_0047.jpg,0.7117
IMG_0180_0048.jpg,0.7088
IMG_0180_0049.jpg,0.7008
IMG_0180_0050.jpg,0.7037
IMG_0180_0051.jpg,0.6987
IMG_0180_0052.jpg,0.7028
IMG_0180_0053.jpg,0.6986
IMG_0180_0054.jpg,0.7054
IMG_0180_0055.jpg,0.6984
IMG_0180_0056.jpg,0.6892
IMG_0180_0057.jpg,0.6921
IMG_0180_0058.jpg,0.6824
IMG_0180_0059.jpg,0.6784
IMG_0180_0060.jpg,0.6725
IMG_0180_0061.jpg,0.6746
IMG_0180_0062.jpg,0.6696
IMG_0180_0063.jpg,0.6753
IMG_0180_0064.jpg,0.6711
IMG_0180_0065.jpg,0.6704
IMG_0180_0066.jpg,0.6644
IMG_0180_0067.jpg,0.6801
IMG_0180_0068.jpg,0.6778
IMG_0180_0069.jpg,0.6760
IMG_0180_0070.jpg,0.6707
IMG_0180_0071.jpg,0.6684
IMG_0180_0072.jpg,0.6720
IMG_0180_0073.jpg,0.6683
IMG_0180_0074.jpg,0.6574
IMG_0180_0075.jpg,0.6611
IMG_0180_0076.jpg,0.6542
IMG_0180_0077.jpg,0.6544
IMG_0180_0078.jpg,0.6537
IMG_0180_0079.jpg,0.6432
IMG_0180_0080.jpg,0.6425
IMG_0180_0081.jpg,0.6400
IMG_0180_0082.jpg,0.6412
IMG_0180_0083.jpg,0.6331
IMG_0180_0084.jpg,0.6248
IMG_0180_0085.jpg,0.6220
IMG_0180_0086.jpg,0.6175
IMG_0180_0087.jpg,0.6049
IMG_0180_0088.jpg,0.6095
IMG_0180_0089.jpg,0.6142
IMG_0180_0090.jpg,0.5943
IMG_0180_0091.jpg,0.5989
IMG_0180_0092.jpg,0.5927
IMG_0180_0093.jpg,0.5879
IMG_0180_0094.jpg,0.5816
IMG_0180_0095.jpg,0.5863
IMG_0180_0096.jpg,0.5876
IMG_0180_0097.jpg,0.5813
IMG_0180_0098.jpg,0.5830
IMG_0180_0099.jpg,0.5798
IMG_0180_0100.jpg,0.5762
IMG_0180_0101.jpg,0.5721
IMG_0180_0102.jpg,0.5683
IMG_0180_0103.jpg,0.5679
IMG_0180_0104.jpg,0.5596
IMG_0180_0105.jpg,0.5548
IMG_0180_0106.jpg,0.5563
IMG_0180_0107.jpg,0.5466
IMG_0180_0108.jpg,0.5470
IMG_0180_0109.jpg,0.5481
IMG_0180_0110.jpg,0.5414
IMG_0180_0111.jpg,0.5358
IMG_0180_0112.jpg,0.5338
IMG_0180_0113.jpg,0.5288
IMG_0180_0114.jpg,0.5237
IMG_0180_0115.jpg,0.5229
IMG_0180_0116.jpg,0.5277
IMG_0180_0117.jpg,0.5192
IMG_0180_0118.jpg,0.5168
IMG_0180_0119.jpg,0.5011
IMG_0180_0120.jpg,0.4911
IMG_0180_0121.jpg,0.4748
IMG_0180_0122.jpg,0.4661
IMG_0180_0123.jpg,0.4766
IMG_0180_0124.jpg,0.4624
IMG_0180_0125.jpg,0.4742
IMG_0180_0126.jpg,0.4748
IMG_0180_0127.jpg,0.4611
IMG_0180_0128.jpg,0.4590
IMG_0180_0129.jpg,0.4377
IMG_0180_0130.jpg,0.4298
IMG_0180_0131.jpg,0.4327
IMG_0180_0132.jpg,0.4172
IMG_0180_0133.jpg,0.4174
IMG_0180_0134.jpg,0.4199
IMG_0180_0135.jpg,0.4174
IMG_0180_0136.jpg,0.4078
IMG_0180_0137.jpg,0.3888
IMG_0180_0138.jpg,0.4006
IMG_0180_0139.jpg,0.4070
IMG_0180_0140.jpg,0.3970
IMG_0180_0141.jpg,0.3873
IMG_0180_0142.jpg,0.3813
IMG_0180_0143.jpg,0.3781
IMG_0180_0144.jpg,0.3707
IMG_0180_0145.jpg,0.3670
IMG_0180_0146.jpg,0.3636
IMG_0180_0147.jpg,0.3545
IMG_0180_0148.jpg,0.3543
IMG_0180_0149.jpg,0.3536
IMG_0180_0150.jpg,0.3505
IMG_0180_0151.jpg,0.3409
IMG_0180_0152.jpg,0.3332
IMG_0180_0153.jpg,0.3282
IMG_0180_0154.jpg,0.3348
IMG_0180_0155.jpg,0.3239
IMG_0180_0156.jpg,0.3212
IMG_0180_0157.jpg,0.3265
IMG_0180_0158.jpg,0.3192
IMG_0180_0159.jpg,0.3033
IMG_0180_0160.jpg,0.3007
IMG_0180_0161.jpg,0.2980
IMG_0180_0162.jpg,0.2874
IMG_0180_0163.jpg,0.2854
IMG_0180_0164.jpg,0.2876
IMG_0180_0165.jpg,0.2625
IMG_0180_0166.jpg,0.2881
IMG_0180_0167.jpg,0.2698
IMG_0180_0168.jpg,0.2338
IMG_0180_0169.jpg,0.2754
IMG_0180_0170.jpg,0.3041
IMG_0180_0171.jpg,0.3089
IMG_0180_0172.jpg,0.2895
IMG_0180_0173.jpg,0.2639
IMG_0180_0174.jpg,0.2788
IMG_0180_0175.jpg,0.2755
IMG_0180_0176.jpg,0.2725
IMG_0180_0177.jpg,0.2474
IMG_0180_0178.jpg,0.2649
IMG_0180_0179.jpg,0.2436
IMG_0180_0180.jpg,0.2433
IMG_0180_0181.jpg,0.1832
IMG_0180_0182.jpg,0.2072
IMG_0180_0183.jpg,0.2057
IMG_0180_0184.jpg,0.1761
IMG_0180_0185.jpg,0.1469
IMG_0180_0186.jpg,0.1516
IMG_0180_0187.jpg,0.1385
IMG_0180_0188.jpg,0.1285
IMG_0180_0189.jpg,0.1227
IMG_0180_0190.jpg,0.1280
IMG_0180_0191.jpg,0.1112
IMG_0180_0192.jpg,0.1139
IMG_0180_0193.jpg,0.0677
IMG_0180_0194.jpg,0.0505
IMG_0180_0195.jpg,0.0365
IMG_0180_0196.jpg,0.0412
IMG_0180_0197.jpg,0.0154
IMG_0180_0198.jpg,0.0323
IMG_0180_0199.jpg,0.0193
IMG_0180_0200.jpg,0.0281
IMG_0180_0201.jpg,0.0292
IMG_0180_0202.jpg,0.0335
IMG_0180_0203.jpg,0.0311
IMG_0180_0204.jpg,0.0380
IMG_0180_0205.jpg,0.0376
IMG_0180_0206.jpg,0.0341
IMG_0180_0207.jpg,0.0510
IMG_0180_0208.jpg,0.0445
IMG_0180_0209.jpg,0.0251
IMG_0180_0210.jpg,0.0298
IMG_0180_0211.jpg,0.0304
IMG_0180_0212.jpg,0.0554
IMG_0180_0213.jpg,0.0537
IMG_0180_0214.jpg,0.0433
IMG_0180_0215.jpg,0.0451
IMG_0180_0216.jpg,0.0598
IMG_0180_0217.jpg,0.0656
IMG_0180_0218.jpg,0.0578
IMG_0180_0219.jpg,0.0801
IMG_0180_0220.jpg,0.0798
IMG_0180_0221.jpg,0.0999
IMG_0180_0222.jpg,0.0991
IMG_0180_0223.jpg,0.1032
IMG_0180_0224.jpg,0.1412
IMG_0180_0225.jpg,0.1048
IMG_0180_0226.jpg,0.1165
IMG_0180_0227.jpg,0.1284
IMG_0180_0228.jpg,0.1328
IMG_0180_0229.jpg,0.1287
IMG_0180_0230.jpg,0.1667
IMG_0180_0231.jpg,0.1366
IMG_0180_0232.jpg,0.1525
IMG_0180_0233.jpg,0.1567
IMG_0180_0234.jpg,0.1618
IMG_0180_0235.jpg,0.1999
IMG_0180_0236.jpg,0.2164
IMG_0180_0237.jpg,0.2019
IMG_0180_0238.jpg,0.2158
IMG_0180_0239.jpg,0.2157
IMG_0180_0240.jpg,0.2274
IMG_0180_0241.jpg,0.2274
IMG_0180_0242.jpg,0.2276
IMG_0180_0243.jpg,0.2189
IMG_0180_0244.jpg,0.2395
IMG_0180_0245.jpg,0.2673
IMG_0180_0246.jpg,0.2794
IMG_0180_0247.jpg,0.2755
IMG_0180_0248.jpg,0.2816
IMG_0180_0249.jpg,0.2926
IMG_0180_0250.jpg,0.3005
IMG_0180_0251.jpg,0.3009
IMG_0180_0252.jpg,0.2974
IMG_0180_0253.jpg,0.3023
IMG_0180_0254.jpg,0.3062
IMG_0180_0255.jpg,0.3138
IMG_0180_0256.jpg,0.3309
IMG_0180_0257.jpg,0.3178
IMG_0180_0258.jpg,0.3078
IMG_0180_0259.jpg,0.3050
IMG_0180_0260.jpg,0.2894
IMG_0180_0261.jpg,0.3188
IMG_0180_0262.jpg,0.2806
IMG_0180_0263.jpg,0.2959
IMG_0180_0264.jpg,0.3187
IMG_0180_0265.jpg,0.2922
IMG_0180_0266.jpg,0.3004
IMG_0180_0267.jpg,0.3077
IMG_0180_0268.jpg,0.3326
IMG_0180_0269.jpg,0.3468
IMG_0180_0270.jpg,0.3438
IMG_0180_0271.jpg,0.3180
IMG_0180_0272.jpg,0.3470
IMG_0180_0273.jpg,0.3348
IMG_0180_0274.jpg,0.3562
IMG_0180_0275.jpg,0.3561
IMG_0180_0276.jpg,0.3706
IMG_0180_0277.jpg,0.3604
IMG_0180_0278.jpg,0.3616
IMG_0180_0279.jpg,0.3782
IMG_0180_0280.jpg,0.3890
IMG_0180_0281.jpg,0.3885
IMG_0180_0282.jpg,0.3899
IMG_0180_0283.jpg,0.3925
IMG_0180_0284.jpg,0.4014
IMG_0180_0285.jpg,0.4029
IMG_0180_0286.jpg,0.4062
IMG_0180_0287.jpg,0.4103
IMG_0180_0288.jpg,0.4118
IMG_0180_0289.jpg,0.4152
IMG_0180_0290.jpg,0.4156
IMG_0180_0291.jpg,0.4295
IMG_0180_0292.jpg,0.4379
IMG_0180_0293.jpg,0.4235
IMG_0180_0294.jpg,0.4303
IMG_0180_0295.jpg,0.4273
IMG_0180_0296.jpg,0.4304
IMG_0180_0297.jpg,0.4395
IMG_0180_0298.jpg,0.4446
IMG_0180_0299.jpg,0.4394
IMG_0180_0300.jpg,0.4427
IMG_0180_0301.jpg,0.4461
IMG_0180_0302.jpg,0.4490
IMG_0180_0303.jpg,0.4548
IMG_0180_0304.jpg,0.4436
IMG_0180_0305.jpg,0.4604
IMG_0180_0306.jpg,0.4697
IMG_0180_0307.jpg,0.4735
IMG_0180_0308.jpg,0.4784
IMG_0180_0309.jpg,0.4716
IMG_0180_0310.jpg,0.4958
IMG_0180_0311.jpg,0.4903
IMG_0180_0312.jpg,0.4932
IMG_0180_0313.jpg,0.5040
IMG_0180_0314.jpg,0.5253
IMG_0180_0315.jpg,0.4917
IMG_0180_0316.jpg,0.5394
IMG_0180_0317.jpg,0.5630
IMG_0180_0318.jpg,0.5589
IMG_0180_0319.jpg,0.5591
IMG_0180_0320.jpg,0.5667
IMG_0180_0321.jpg,0.5661
IMG_0180_0322.jpg,0.5866
IMG_0180_0323.jpg,0.5914
IMG_0180_0324.jpg,0.6130
IMG_0180_0325.jpg,0.6193
IMG_0180_0326.jpg,0.6130
IMG_0180_0327.jpg,0.6290
IMG_0180_0328.jpg,0.6292
IMG_0180_0329.jpg,0.6365
IMG_0180_0330.jpg,0.6425
IMG_0180_0331.jpg,0.6646
IMG_0180_0332.jpg,0.6781
IMG_0180_0333.jpg,0.6851
IMG_0180_0334.jpg,0.7011
IMG_0180_0335.jpg,0.7121
IMG_0180_0336.jpg,0.7223
IMG_0180_0337.jpg,0.7399
IMG_0180_0338.jpg,0.7401
IMG_0180_0339.jpg,0.7491
IMG_0180_0340.jpg,0.7612
IMG_0180_0341.jpg,0.7751
IMG_0180_0342.jpg,0.7895
IMG_0180_0343.jpg,0.7917
IMG_0180_0344.jpg,0.8085
IMG_0180_0345.jpg,0.8263
IMG_0180_0346.jpg,0.8404
IMG_0180_0347.jpg,0.8594
IMG_0180_0348.jpg,0.8773
IMG_0180_0349.jpg,0.8714
IMG_0180_0350.jpg,0.8927
IMG_0180_0351.jpg,0.9078
IMG_0180_0352.jpg,0.9228
IMG_0180_0353.jpg,0.9321
IMG_0180_0354.jpg,0.9442
IMG_0180_0355.jpg,0.9740
IMG_0180_0356.jpg,1.0000
IMG_0180_0357.jpg,1.0000
IMG_0180_0358.jpg,1.0000
IMG_0180_0359.jpg,1.0000
IMG_0180_0360.jpg,1.0000
IMG_0180_0361.jpg,1.0000
IMG_0180_0362.jpg,1.0000
IMG_0180_0363.jpg,1.0000
IMG_0180_0364.jpg,1.0000
IMG_0180_0365.jpg,1.0000
IMG_0180_0366.jpg,1.0000
IMG_0180_0367.jpg,1.0000
IMG_0180_0368.jpg,1.0000
IMG_0180_0369.jpg,1.0000
IMG_0180_0370.jpg,1.0000
IMG_0180_0371.jpg,1.0000
IMG_0180_0372.jpg,1.0000
IMG_0180_0373.jpg,1.0000
IMG_0180_0374.jpg,0.5952
IMG_0180_0375.jpg,0.1643
IMG_0181_0000.jpg,0.9538
IMG_0181_0001.jpg,0.9687
IMG_0181_0002.jpg,0.9674
IMG_0181_0003.jpg,0.9558
IMG_0181_0004.jpg,0.9582
IMG_0181_0005.jpg,0.9547
IMG_0181_0006.jpg,0.9587
IMG_0181_0007.jpg,0.9493
IMG_0181_0008.jpg,0.9484
IMG_0181_0009.jpg,0.9349
IMG_0181_0010.jpg,0.9310
IMG_0181_0011.jpg,0.9168
IMG_0181_0012.jpg,0.9141
IMG_0181_0013.jpg,0.8894
IMG_0181_0014.jpg,0.8765
IMG_0181_0015.jpg,0.8752
IMG_0181_0016.jpg,0.8694
IMG_0181_0017.jpg,0.8687
IMG_0181_0018.jpg,0.8635
IMG_0181_0019.jpg,0.8541
IMG_0181_0020.jpg,0.8504
IMG_0181_0021.jpg,0.8399
IMG_0181_0022.jpg,0.8305
IMG_0181_0023.jpg,0.8231
IMG_0181_0024.jpg,0.8145
IMG_0181_0025.jpg,0.7972
IMG_0181_0026.jpg,0.7903
IMG_0181_0027.jpg,0.7875
IMG_0181_0028.jpg,0.7828
IMG_0181_0029.jpg,0.7781
IMG_0181_0030.jpg,0.7728
IMG_0181_0031.jpg,0.7687
IMG_0181_0032.jpg,0.7603
IMG_0181_0033.jpg,0.7460
IMG_0181_0034.jpg,0.7404
IMG_0181_0035.jpg,0.7379
IMG_0181_0036.jpg,0.7262
IMG_0181_0037.jpg,0.7251
IMG_0181_0038.jpg,0.7242
IMG_0181_0039.jpg,0.7175
IMG_0181_0040.jpg,0.7020
IMG_0181_0041.jpg,0.6964
IMG_0181_0042.jpg,0.7030
IMG_0181_0043.jpg,0.6903
IMG_0181_0044.jpg,0.6886
IMG_0181_0045.jpg,0.6837
IMG_0181_0046.jpg,0.6889
IMG_0181_0047.jpg,0.6888
IMG_0181_0048.jpg,0.6840
IMG_0181_0049.jpg,0.6860
IMG_0181_0050.jpg,0.6779
IMG_0181_0051.jpg,0.6664
IMG_0181_0052.jpg,0.6772
IMG_0181_0053.jpg,0.6685
IMG_0181_0054.jpg,0.6686
IMG_0181_0055.jpg,0.6707
IMG_0181_0056.jpg,0.6677
IMG_0181_0057.jpg,0.6664
IMG_0181_0058.jpg,0.6624
IMG_0181_0059.jpg,0.6652
IMG_0181_0060.jpg,0.6588
IMG_0181_0061.jpg,0.6569
IMG_0181_0062.jpg,0.6556
IMG_0181_0063.jpg,0.6511
IMG_0181_0064.jpg,0.6523
IMG_0181_0065.jpg,0.6381
IMG_0181_0066.jpg,0.6353
IMG_0181_0067.jpg,0.6308
IMG_0181_0068.jpg,0.6279
IMG_0181_0069.jpg,0.6271
IMG_0181_0070.jpg,0.6283
IMG_0181_0071.jpg,0.6349
IMG_0181_0072.jpg,0.6305
IMG_0181_0073.jpg,0.6285
IMG_0181_0074.jpg,0.6277
IMG_0181_0075.jpg,0.6256
IMG_0181_0076.jpg,0.6258
IMG_0181_0077.jpg,0.6238
IMG_0181_0078.jpg,0.6262
IMG_0181_0079.jpg,0.6232
IMG_0181_0080.jpg,0.6231
IMG_0181_0081.jpg,0.6210
IMG_0181_0082.jpg,0.6224
IMG_0181_0083.jpg,0.6110
IMG_0181_0084.jpg,0.6229
IMG_0181_0085.jpg,0.6171
IMG_0181_0086.jpg,0.6075
IMG_0181_0087.jpg,0.6067
IMG_0181_0088.jpg,0.6082
IMG_0181_0089.jpg,0.6136
IMG_0181_0090.jpg,0.6000
IMG_0181_0091.jpg,0.5937
IMG_0181_0092.jpg,0.5949
IMG_0181_0093.jpg,0.5881
IMG_0181_0094.jpg,0.5833
IMG_0181_0095.jpg,0.5826
IMG_0181_0096.jpg,0.5773
IMG_0181_0097.jpg,0.5738
IMG_0181_0098.jpg,0.5803
IMG_0181_0099.jpg,0.5717
IMG_0181_0100.jpg,0.5706
IMG_0181_0101.jpg,0.5702
IMG_0181_0102.jpg,0.5636
IMG_0181_0103.jpg,0.5607
IMG_0181_0104.jpg,0.5601
IMG_0181_0105.jpg,0.5589
IMG_0181_0106.jpg,0.5450
IMG_0181_0107.jpg,0.5372
IMG_0181_0108.jpg,0.5398
IMG_0181_0109.jpg,0.5411
IMG_0181_0110.jpg,0.5361
IMG_0181_0111.jpg,0.5435
IMG_0181_0112.jpg,0.5409
IMG_0181_0113.jpg,0.5270
IMG_0181_0114.jpg,0.5188
IMG_0181_0115.jpg,0.5308
IMG_0181_0116.jpg,0.5153
IMG_0181_0117.jpg,0.5277
IMG_0181_0118.jpg,0.5160
IMG_0181_0119.jpg,0.5184
IMG_0181_0120.jpg,0.5062
IMG_0181_0121.jpg,0.5084
IMG_0181_0122.jpg,0.5078
IMG_0181_0123.jpg,0.4819
IMG_0181_0124.jpg,0.4769
IMG_0181_0125.jpg,0.4671
IMG_0181_0126.jpg,0.4593
IMG_0181_0127.jpg,0.4477
IMG_0181_0128.jpg,0.4347
IMG_0181_0129.jpg,0.4129
IMG_0181_0130.jpg,0.3869
IMG_0181_0131.jpg,0.3782
IMG_0181_0132.jpg,0.3790
IMG_0181_0133.jpg,0.3767
IMG_0181_0134.jpg,0.3681
IMG_0181_0135.jpg,0.3514
IMG_0181_0136.jpg,0.3338
IMG_0181_0137.jpg,0.3333
IMG_0181_0138.jpg,0.3331
IMG_0181_0139.jpg,0.3298
IMG_0181_0140.jpg,0.3173
IMG_0181_0141.jpg,0.3094
IMG_0181_0142.jpg,0.3043
IMG_0181_0143.jpg,0.2959
IMG_0181_0144.jpg,0.2712
IMG_0181_0145.jpg,0.2543
IMG_0181_0146.jpg,0.2489
IMG_0181_0147.jpg,0.2398
IMG_0181_0148.jpg,0.2634
IMG_0181_0149.jpg,0.2542
IMG_0181_0150.jpg,0.2432
IMG_0181_0151.jpg,0.2315
IMG_0181_0152.jpg,0.2090
IMG_0181_0153.jpg,0.2052
IMG_0181_0154.jpg,0.1824
IMG_0181_0155.jpg,0.1668
IMG_0181_0156.jpg,0.1670
IMG_0181_0157.jpg,0.1550
IMG_0181_0158.jpg,0.1297
IMG_0181_0159.jpg,0.1195
IMG_0181_0160.jpg,0.1293
IMG_0181_0161.jpg,0.1137
IMG_0181_0162.jpg,0.1317
IMG_0181_0163.jpg,0.1068
IMG_0181_0164.jpg,0.1209
IMG_0181_0165.jpg,0.1133
IMG_0181_0166.jpg,0.0441
IMG_0181_0167.jpg,0.0657
IMG_0181_0168.jpg,0.0269
IMG_0181_0169.jpg,0.0154
IMG_0181_0170.jpg,0.0282
IMG_0181_0171.jpg,0.0473
IMG_0181_0172.jpg,0.0083
IMG_0181_0173.jpg,0.0284
IMG_0181_0174.jpg,0.0164
IMG_0181_0175.jpg,0.0001
IMG_0181_0176.jpg,0.0000
IMG_0181_0177.jpg,0.0000
IMG_0181_0178.jpg,0.0000
IMG_0181_0179.jpg,0.0000
IMG_0181_0180.jpg,0.0000
IMG_0181_0181.jpg,0.0000
IMG_0181_0182.jpg,0.0000
IMG_0181_0183.jpg,0.0000
IMG_0181_0184.jpg,0.0000
IMG_0181_0185.jpg,0.0000
IMG_0181_0186.jpg,0.0000
IMG_0181_0187.jpg,0.0000
IMG_0181_0188.jpg,0.0000
IMG_0181_0189.jpg,0.0000
IMG_0181_0190.jpg,0.0000
IMG_0181_0191.jpg,0.0000
IMG_0181_0192.jpg,0.0000
IMG_0181_0193.jpg,0.0000
IMG_0181_0194.jpg,0.0000
IMG_0181_0195.jpg,0.0000
IMG_0181_0196.jpg,0.0000
IMG_0181_0197.jpg,0.0000
IMG_0181_0198.jpg,0.0000
IMG_0181_0199.jpg,0.0000
IMG_0181_0200.jpg,0.0000
IMG_0181_0201.jpg,0.0000
IMG_0181_0202.jpg,0.0000
IMG_0181_0203.jpg,0.0000
IMG_0181_0204.jpg,0.0000
IMG_0181_0205.jpg,0.0000
IMG_0181_0206.jpg,0.0000
IMG_0181_0207.jpg,0.0000
IMG_0181_0208.jpg,0.0000
IMG_0181_0209.jpg,0.0000
IMG_0181_0210.jpg,0.0000
IMG_0181_0211.jpg,0.0000
IMG_0181_0212.jpg,0.0000
IMG_0181_0213.jpg,0.0000
IMG_0181_0214.jpg,0.0000
IMG_0181_0215.jpg,0.0000
IMG_0181_0216.jpg,0.0000
IMG_0181_0217.jpg,0.0000
IMG_0181_0218.jpg,0.0000
IMG_0181_0219.jpg,0.0000
IMG_0181_0220.jpg,0.0251
IMG_0181_0221.jpg,0.0000
IMG_0181_0222.jpg,0.0000
IMG_0181_0223.jpg,0.0000
IMG_0181_0224.jpg,0.0000
IMG_0181_0225.jpg,0.0000
IMG_0181_0226.jpg,0.0000
IMG_0181_0227.jpg,0.0418
IMG_0181_0228.jpg,0.0895
IMG_0181_0229.jpg,0.0000
IMG_0181_0230.jpg,0.0000
IMG_0181_0231.jpg,0.0000
IMG_0181_0232.jpg,0.0082
IMG_0181_0233.jpg,0.0285
IMG_0181_0234.jpg,0.1112
IMG_0181_0235.jpg,0.0586
IMG_0181_0236.jpg,0.0000
IMG_0181_0237.jpg,0.1227
IMG_0181_0238.jpg,0.0771
IMG_0181_0239.jpg,0.1735
IMG_0181_0240.jpg,0.2456
IMG_0181_0241.jpg,0.2106
IMG_0181_0242.jpg,0.2028
IMG_0181_0243.jpg,0.1713
IMG_0181_0244.jpg,0.2281
IMG_0181_0245.jpg,0.2724
IMG_0181_0246.jpg,0.2400
IMG_0181_0247.jpg,0.1993
IMG_0181_0248.jpg,0.2291
IMG_0181_0249.jpg,0.2936
IMG_0181_0250.jpg,0.2083
IMG_0181_0251.jpg,0.2297
IMG_0181_0252.jpg,0.2354
IMG_0181_0253.jpg,0.2528
IMG_0181_0254.jpg,0.2783
IMG_0181_0255.jpg,0.2474
IMG_0181_0256.jpg,0.2583
IMG_0181_0257.jpg,0.2677
IMG_0181_0258.jpg,0.2805
IMG_0181_0259.jpg,0.2690
IMG_0181_0260.jpg,0.3031
IMG_0181_0261.jpg,0.2961
IMG_0181_0262.jpg,0.2891
IMG_0181_0263.jpg,0.2758
IMG_0181_0264.jpg,0.2974
IMG_0181_0265.jpg,0.3252
IMG_0181_0266.jpg,0.2975
IMG_0181_0267.jpg,0.3032
IMG_0181_0268.jpg,0.3110
IMG_0181_0269.jpg,0.3171
IMG_0181_0270.jpg,0.3297
IMG_0181_0271.jpg,0.3340
IMG_0181_0272.jpg,0.3308
IMG_0181_0273.jpg,0.3514
IMG_0181_0274.jpg,0.3304
IMG_0181_0275.jpg,0.3432
IMG_0181_0276.jpg,0.3546
IMG_0181_0277.jpg,0.3544
IMG_0181_0278.jpg,0.3605
IMG_0181_0279.jpg,0.3723
IMG_0181_0280.jpg,0.3769
IMG_0181_0281.jpg,0.3835
IMG_0181_0282.jpg,0.3886
IMG_0181_0283.jpg,0.3902
IMG_0181_0284.jpg,0.3915
IMG_0181_0285.jpg,0.3952
IMG_0181_0286.jpg,0.4042
IMG_0181_0287.jpg,0.4004
IMG_0181_0288.jpg,0.4056
IMG_0181_0289.jpg,0.4081
IMG_0181_0290.jpg,0.4143
IMG_0181_0291.jpg,0.4187
IMG_0181_0292.jpg,0.4162
IMG_0181_0293.jpg,0.4298
IMG_0181_0294.jpg,0.4332
IMG_0181_0295.jpg,0.4403
IMG_0181_0296.jpg,0.4463
IMG_0181_0297.jpg,0.4449
IMG_0181_0298.jpg,0.4482
IMG_0181_0299.jpg,0.4547
IMG_0181_0300.jpg,0.4588
IMG_0181_0301.jpg,0.4607
IMG_0181_0302.jpg,0.4672
IMG_0181_0303.jpg,0.4696
IMG_0181_0304.jpg,0.4730
IMG_0181_0305.jpg,0.4751
IMG_0181_0306.jpg,0.4761
IMG_0181_0307.jpg,0.4839
IMG_0181_0308.jpg,0.4881
IMG_0181_0309.jpg,0.4867
IMG_0181_0310.jpg,0.4898
IMG_0181_0311.jpg,0.4992
IMG_0181_0312.jpg,0.5091
IMG_0181_0313.jpg,0.5135
IMG_0181_0314.jpg,0.5202
IMG_0181_0315.jpg,0.5271
IMG_0181_0316.jpg,0.5310
IMG_0181_0317.jpg,0.5371
IMG_0181_0318.jpg,0.5413
IMG_0181_0319.jpg,0.5507
IMG_0181_0320.jpg,0.5542
IMG_0181_0321.jpg,0.5630
IMG_0181_0322.jpg,0.5730
IMG_0181_0323.jpg,0.5802
IMG_0181_0324.jpg,0.5968
IMG_0181_0325.jpg,0.6091
IMG_0181_0326.jpg,0.6238
IMG_0181_0327.jpg,0.6341
IMG_0181_0328.jpg,0.6344
IMG_0181_0329.jpg,0.6316
IMG_0181_0330.jpg,0.6385
IMG_0181_0331.jpg,0.6374
IMG_0181_0332.jpg,0.6400
IMG_0181_0333.jpg,0.6459
IMG_0181_0334.jpg,0.6491
IMG_0181_0335.jpg,0.6553
IMG_0181_0336.jpg,0.6584
IMG_0181_0337.jpg,0.6611
IMG_0181_0338.jpg,0.6670
IMG_0181_0339.jpg,0.6736
IMG_0181_0340.jpg,0.6827
IMG_0181_0341.jpg,0.6833
IMG_0181_0342.jpg,0.6902
IMG_0181_0343.jpg,0.6992
IMG_0181_0344.jpg,0.7017
IMG_0181_0345.jpg,0.7064
IMG_0181_0346.jpg,0.7103
IMG_0181_0347.jpg,0.7182
IMG_0181_0348.jpg,0.7242
IMG_0181_0349.jpg,0.7393
IMG_0181_0350.jpg,0.7611
IMG_0181_0351.jpg,0.7556
IMG_0181_0352.jpg,0.7705
IMG_0181_0353.jpg,0.7953
IMG_0181_0354.jpg,0.8084
IMG_0181_0355.jpg,0.8205
IMG_0181_0356.jpg,0.8267
IMG_0181_0357.jpg,0.8397
IMG_0181_0358.jpg,0.8488
IMG_0181_0359.jpg,0.8687
IMG_0181_0360.jpg,0.8666
IMG_0181_0361.jpg,0.8837
IMG_0181_0362.jpg,0.9058
IMG_0181_0363.jpg,0.9283
IMG_0181_0364.jpg,0.9473
IMG_0181_0365.jpg,0.9598
IMG_0181_0366.jpg,0.9678
IMG_0181_0367.jpg,0.9480
IMG_0181_0368.jpg,0.9297
IMG_0181_0369.jpg,0.9415
IMG_0181_0370.jpg,0.9533
IMG_0181_0371.jpg,0.9728
IMG_0181_0372.jpg,0.9735
IMG_0181_0373.jpg,0.9747
IMG_0181_0374.jpg,0.9650
IMG_0181_0375.jpg,0.9511
IMG_0181_0376.jpg,0.9550
IMG_0181_0377.jpg,0.9437
IMG_0181_0378.jpg,0.9389
IMG_0181_0379.jpg,0.9379
IMG_0181_0380.jpg,0.9346
IMG_0181_0381.jpg,0.9424
IMG_0181_0382.jpg,0.9366
IMG_0181_0383.jpg,0.9434
IMG_0181_0384.jpg,0.9451
IMG_0181_0385.jpg,0.9476
IMG_0181_0386.jpg,0.9599
IMG_0181_0387.jpg,0.9580
IMG_0181_0388.jpg,0.9623
IMG_0181_0389.jpg,0.9639
IMG_0181_0390.jpg,0.9499
IMG_0181_0391.jpg,0.9440
IMG_0181_0392.jpg,0.9421
IMG_0182_0000.jpg,0.8618
IMG_0182_0001.jpg,0.8868
IMG_0182_0002.jpg,0.8913
IMG_0182_0003.jpg,0.9290
IMG_0182_0004.jpg,0.9380
IMG_0182_0005.jpg,0.9005
IMG_0182_0006.jpg,0.9476
IMG_0182_0007.jpg,0.9593
IMG_0182_0008.jpg,0.9511
IMG_0182_0009.jpg,0.9466
IMG_0182_0010.jpg,0.9085
IMG_0182_0011.jpg,0.9127
IMG_0182_0012.jpg,0.8808
IMG_0182_0013.jpg,0.8659
IMG_0182_0014.jpg,0.8339
IMG_0182_0015.jpg,0.8266
IMG_0182_0016.jpg,0.7802
IMG_0182_0017.jpg,0.7437
IMG_0182_0018.jpg,0.7324
IMG_0182_0019.jpg,0.7265
IMG_0182_0020.jpg,0.7082
IMG_0182_0021.jpg,0.7088
IMG_0182_0022.jpg,0.6938
IMG_0182_0023.jpg,0.6898
IMG_0182_0024.jpg,0.6817
IMG_0182_0025.jpg,0.6758
IMG_0182_0026.jpg,0.6618
IMG_0182_0027.jpg,0.6682
IMG_0182_0028.jpg,0.6684
IMG_0182_0029.jpg,0.6584
IMG_0182_0030.jpg,0.6566
IMG_0182_0031.jpg,0.6536
IMG_0182_0032.jpg,0.6438
IMG_0182_0033.jpg,0.6317
IMG_0182_0034.jpg,0.6299
IMG_0182_0035.jpg,0.6280
IMG_0182_0036.jpg,0.6176
IMG_0182_0037.jpg,0.6127
IMG_0182_0038.jpg,0.5958
IMG_0182_0039.jpg,0.5871
IMG_0182_0040.jpg,0.5817
IMG_0182_0041.jpg,0.5766
IMG_0182_0042.jpg,0.5767
IMG_0182_0043.jpg,0.5762
IMG_0182_0044.jpg,0.5691
IMG_0182_0045.jpg,0.5643
IMG_0182_0046.jpg,0.5556
IMG_0182_0047.jpg,0.5498
IMG_0182_0048.jpg,0.5469
IMG_0182_0049.jpg,0.5395
IMG_0182_0050.jpg,0.5279
IMG_0182_0051.jpg,0.5268
IMG_0182_0052.jpg,0.5183
IMG_0182_0053.jpg,0.5018
IMG_0182_0054.jpg,0.4993
IMG_0182_0055.jpg,0.4917
IMG_0182_0056.jpg,0.4902
IMG_0182_0057.jpg,0.4814
IMG_0182_0058.jpg,0.4761
IMG_0182_0059.jpg,0.4648
IMG_0182_0060.jpg,0.4648
IMG_0182_0061.jpg,0.4584
IMG_0182_0062.jpg,0.4662
IMG_0182_0063.jpg,0.4615
IMG_0182_0064.jpg,0.4517
IMG_0182_0065.jpg,0.4645
IMG_0182_0066.jpg,0.4577
IMG_0182_0067.jpg,0.4665
IMG_0182_0068.jpg,0.4522
IMG_0182_0069.jpg,0.4428
IMG_0182_0070.jpg,0.4422
IMG_0182_0071.jpg,0.4282
IMG_0182_0072.jpg,0.4267
IMG_0182_0073.jpg,0.4233
IMG_0182_0074.jpg,0.4211
IMG_0182_0075.jpg,0.4192
IMG_0182_0076.jpg,0.4186
IMG_0182_0077.jpg,0.4113
IMG_0182_0078.jpg,0.4007
IMG_0182_0079.jpg,0.3951
IMG_0182_0080.jpg,0.3828
IMG_0182_0081.jpg,0.3849
IMG_0182_0082.jpg,0.3870
IMG_0182_0083.jpg,0.3800
IMG_0182_0084.jpg,0.3740
IMG_0182_0085.jpg,0.3718
IMG_0182_0086.jpg,0.3505
IMG_0182_0087.jpg,0.3527
IMG_0182_0088.jpg,0.3494
IMG_0182_0089.jpg,0.3420
IMG_0182_0090.jpg,0.3242
IMG_0182_0091.jpg,0.3053
IMG_0182_0092.jpg,0.2816
IMG_0182_0093.jpg,0.2915
IMG_0182_0094.jpg,0.2457
IMG_0182_0095.jpg,0.2619
IMG_0182_0096.jpg,0.2588
IMG_0182_0097.jpg,0.2524
IMG_0182_0098.jpg,0.2815
IMG_0182_0099.jpg,0.2612
IMG_0182_0100.jpg,0.1879
IMG_0182_0101.jpg,0.2028
IMG_0182_0102.jpg,0.1914
IMG_0182_0103.jpg,0.1783
IMG_0182_0104.jpg,0.1615
IMG_0182_0105.jpg,0.1502
IMG_0182_0106.jpg,0.0523
IMG_0182_0107.jpg,0.1305
IMG_0182_0108.jpg,0.0994
IMG_0182_0109.jpg,0.1139
IMG_0182_0110.jpg,0.1381
IMG_0182_0111.jpg,0.0747
IMG_0182_0112.jpg,0.1117
IMG_0182_0113.jpg,0.1244
IMG_0182_0114.jpg,0.0491
IMG_0182_0115.jpg,0.0298
IMG_0182_0116.jpg,0.0177
IMG_0182_0117.jpg,0.0278
IMG_0182_0118.jpg,0.0148
IMG_0182_0119.jpg,0.0211
IMG_0182_0120.jpg,0.0000
IMG_0182_0121.jpg,0.0000
IMG_0182_0123.jpg,0.0000
IMG_0182_0124.jpg,0.0000
IMG_0182_0125.jpg,0.0000
IMG_0182_0126.jpg,0.0000
IMG_0182_0127.jpg,0.0000
IMG_0182_0128.jpg,0.0000
IMG_0182_0129.jpg,0.0000
IMG_0182_0130.jpg,0.0000
IMG_0182_0131.jpg,0.0000
IMG_0182_0132.jpg,0.0000
IMG_0182_0133.jpg,0.0000
IMG_0182_0134.jpg,0.0000
IMG_0182_0135.jpg,0.0000
IMG_0182_0136.jpg,0.0000
IMG_0182_0137.jpg,0.0000
IMG_0182_0138.jpg,0.0000
IMG_0182_0139.jpg,0.0000
IMG_0182_0140.jpg,0.0000
IMG_0182_0141.jpg,0.0000
IMG_0182_0142.jpg,0.0000
IMG_0182_0143.jpg,0.0000
IMG_0182_0144.jpg,0.0000
IMG_0182_0145.jpg,0.0000
IMG_0182_0146.jpg,0.0000
IMG_0182_0147.jpg,0.0000
IMG_0182_0148.jpg,0.0000
IMG_0182_0149.jpg,0.0000
IMG_0182_0150.jpg,0.0000
IMG_0182_0151.jpg,0.0000
IMG_0182_0152.jpg,0.0000
IMG_0182_0153.jpg,0.0000
IMG_0182_0154.jpg,0.0000
IMG_0182_0155.jpg,0.0111
IMG_0182_0156.jpg,0.0619
IMG_0182_0157.jpg,0.0696
IMG_0182_0158.jpg,0.0584
IMG_0182_0159.jpg,0.1168
IMG_0182_0160.jpg,0.0958
IMG_0182_0161.jpg,0.1357
IMG_0182_0162.jpg,0.1605
IMG_0182_0163.jpg,0.1571
IMG_0182_0164.jpg,0.1432
IMG_0182_0165.jpg,0.1023
IMG_0182_0166.jpg,0.1462
IMG_0182_0167.jpg,0.0788
IMG_0182_0168.jpg,0.1263
IMG_0182_0169.jpg,0.1492
IMG_0182_0170.jpg,0.1325
IMG_0182_0171.jpg,0.1713
IMG_0182_0172.jpg,0.1667
IMG_0182_0173.jpg,0.1595
IMG_0182_0174.jpg,0.1438
IMG_0182_0175.jpg,0.2261
IMG_0182_0176.jpg,0.1989
IMG_0182_0177.jpg,0.2185
IMG_0182_0178.jpg,0.2360
IMG_0182_0179.jpg,0.2189
IMG_0182_0180.jpg,0.2378
IMG_0182_0181.jpg,0.2443
IMG_0182_0182.jpg,0.2336
IMG_0182_0183.jpg,0.2665
IMG_0182_0184.jpg,0.2729
IMG_0182_0185.jpg,0.2799
IMG_0182_0186.jpg,0.3084
IMG_0182_0187.jpg,0.3021
IMG_0182_0188.jpg,0.2865
IMG_0182_0189.jpg,0.2797
IMG_0182_0190.jpg,0.2988
IMG_0182_0191.jpg,0.3031
IMG_0182_0192.jpg,0.3160
IMG_0182_0193.jpg,0.3142
IMG_0182_0194.jpg,0.3179
IMG_0182_0195.jpg,0.3309
IMG_0182_0196.jpg,0.3297
IMG_0182_0197.jpg,0.3351
IMG_0182_0198.jpg,0.3330
IMG_0182_0199.jpg,0.3265
IMG_0182_0200.jpg,0.3563
IMG_0182_0201.jpg,0.3426
IMG_0182_0202.jpg,0.3467
IMG_0182_0203.jpg,0.3443
IMG_0182_0204.jpg,0.3594
IMG_0182_0205.jpg,0.3830
IMG_0182_0206.jpg,0.3652
IMG_0182_0207.jpg,0.3883
IMG_0182_0208.jpg,0.3906
IMG_0182_0209.jpg,0.4051
IMG_0182_0210.jpg,0.4023
IMG_0182_0211.jpg,0.4111
IMG_0182_0212.jpg,0.4170
IMG_0182_0213.jpg,0.4157
IMG_0182_0214.jpg,0.4164
IMG_0182_0215.jpg,0.4277
IMG_0182_0216.jpg,0.4315
IMG_0182_0217.jpg,0.4310
IMG_0182_0218.jpg,0.4396
IMG_0182_0219.jpg,0.4375
IMG_0182_0220.jpg,0.4385
IMG_0182_0221.jpg,0.4535
IMG_0182_0222.jpg,0.4486
IMG_0182_0223.jpg,0.4562
IMG_0182_0224.jpg,0.4727
IMG_0182_0225.jpg,0.4640
IMG_0182_0226.jpg,0.4530
IMG_0182_0227.jpg,0.4425
IMG_0182_0228.jpg,0.4818
IMG_0182_0229.jpg,0.4595
IMG_0182_0230.jpg,0.4690
IMG_0182_0231.jpg,0.4806
IMG_0182_0232.jpg,0.4747
IMG_0182_0233.jpg,0.4686
IMG_0182_0234.jpg,0.4663
IMG_0182_0235.jpg,0.4720
IMG_0182_0236.jpg,0.4774
IMG_0182_0237.jpg,0.4773
IMG_0182_0238.jpg,0.4931
IMG_0182_0239.jpg,0.4945
IMG_0182_0240.jpg,0.4877
IMG_0182_0241.jpg,0.5030
IMG_0182_0242.jpg,0.4923
IMG_0182_0243.jpg,0.4987
IMG_0182_0244.jpg,0.5050
IMG_0182_0245.jpg,0.5085
IMG_0182_0246.jpg,0.4983
IMG_0182_0247.jpg,0.5081
IMG_0182_0248.jpg,0.5089
IMG_0182_0249.jpg,0.5145
IMG_0182_0250.jpg,0.5121
IMG_0182_0251.jpg,0.5126
IMG_0182_0252.jpg,0.5306
IMG_0182_0253.jpg,0.5483
IMG_0182_0254.jpg,0.5433
IMG_0182_0255.jpg,0.5475
IMG_0182_0256.jpg,0.5515
IMG_0182_0257.jpg,0.5601
IMG_0182_0258.jpg,0.5634
IMG_0182_0259.jpg,0.5750
IMG_0182_0260.jpg,0.5700
IMG_0182_0261.jpg,0.5642
IMG_0182_0262.jpg,0.5809
IMG_0182_0263.jpg,0.5907
IMG_0182_0264.jpg,0.5737
IMG_0182_0265.jpg,0.5777
IMG_0182_0266.jpg,0.5854
IMG_0182_0267.jpg,0.5939
IMG_0182_0268.jpg,0.5948
IMG_0182_0269.jpg,0.5984
IMG_0182_0270.jpg,0.6087
IMG_0182_0271.jpg,0.6246
IMG_0182_0272.jpg,0.6255
IMG_0182_0273.jpg,0.6432
IMG_0182_0274.jpg,0.6605
IMG_0182_0275.jpg,0.6805
IMG_0182_0276.jpg,0.6870
IMG_0182_0277.jpg,0.7067
IMG_0182_0278.jpg,0.7295
IMG_0182_0279.jpg,0.7662
IMG_0182_0280.jpg,0.8059
IMG_0182_0281.jpg,0.8555
IMG_0182_0282.jpg,0.8641
IMG_0182_0283.jpg,0.8864
IMG_0182_0284.jpg,0.8897
IMG_0182_0285.jpg,0.9295
IMG_0182_0286.jpg,0.9044
IMG_0182_0287.jpg,0.9269
IMG_0182_0288.jpg,0.9044
IMG_0182_0289.jpg,0.8931
IMG_0182_0290.jpg,0.8756
IMG_0182_0291.jpg,0.8261
IMG_0182_0292.jpg,0.8147
IMG_0182_0293.jpg,0.7940
IMG_0182_0294.jpg,0.7893
IMG_0182_0295.jpg,0.7784
IMG_0182_0296.jpg,0.7711
IMG_0182_0297.jpg,0.7545
IMG_0182_0298.jpg,0.7410
IMG_0182_0299.jpg,0.7354
IMG_0182_0300.jpg,0.7318
IMG_0182_0301.jpg,0.7224
IMG_0182_0302.jpg,0.7169
IMG_0182_0303.jpg,0.7065
IMG_0182_0304.jpg,0.7037
IMG_0182_0305.jpg,0.6892
IMG_0182_0306.jpg,0.6774
IMG_0182_0307.jpg,0.6559
IMG_0182_0308.jpg,0.6448
IMG_0182_0309.jpg,0.6453
IMG_0182_0310.jpg,0.6488
IMG_0182_0311.jpg,0.6343
IMG_0182_0312.jpg,0.6304
IMG_0182_0313.jpg,0.6272
IMG_0182_0314.jpg,0.6090
IMG_0182_0315.jpg,0.6089
IMG_0182_0316.jpg,0.6024
IMG_0182_0317.jpg,0.5933
IMG_0182_0318.jpg,0.5934
IMG_0182_0319.jpg,0.5889
IMG_0182_0320.jpg,0.5795
IMG_0182_0321.jpg,0.5716
IMG_0182_0322.jpg,0.5728
IMG_0182_0323.jpg,0.5644
IMG_0182_0324.jpg,0.5552
IMG_0182_0325.jpg,0.5446
IMG_0182_0326.jpg,0.5450
IMG_0182_0327.jpg,0.5365
IMG_0182_0328.jpg,0.5325
IMG_0182_0329.jpg,0.5285
IMG_0182_0330.jpg,0.5242
IMG_0182_0331.jpg,0.5135
IMG_0182_0332.jpg,0.5193
IMG_0182_0333.jpg,0.5065
IMG_0182_0334.jpg,0.5064
IMG_0182_0335.jpg,0.5091
IMG_0182_0336.jpg,0.4961
IMG_0182_0337.jpg,0.4935
IMG_0182_0338.jpg,0.4961
IMG_0182_0339.jpg,0.4920
IMG_0182_0340.jpg,0.4879
IMG_0182_0341.jpg,0.4698
IMG_0182_0342.jpg,0.4615
IMG_0182_0343.jpg,0.4519
IMG_0182_0344.jpg,0.4462
IMG_0182_0345.jpg,0.4419
IMG_0182_0346.jpg,0.4405
IMG_0182_0347.jpg,0.4334
IMG_0182_0348.jpg,0.4284
IMG_0182_0349.jpg,0.4264
IMG_0182_0350.jpg,0.4195
IMG_0182_0351.jpg,0.4109
IMG_0182_0352.jpg,0.4123
IMG_0182_0353.jpg,0.4086
IMG_0182_0354.jpg,0.4096
IMG_0182_0355.jpg,0.4011
IMG_0182_0356.jpg,0.3945
IMG_0182_0357.jpg,0.3915
IMG_0182_0358.jpg,0.3876
IMG_0182_0359.jpg,0.3709
IMG_0182_0360.jpg,0.3526
IMG_0182_0361.jpg,0.3421
IMG_0182_0362.jpg,0.3523
IMG_0182_0363.jpg,0.3470
IMG_0182_0364.jpg,0.3294
IMG_0182_0365.jpg,0.3153
IMG_0182_0366.jpg,0.3199
IMG_0182_0367.jpg,0.2853
IMG_0182_0368.jpg,0.2774
IMG_0182_0369.jpg,0.2684
IMG_0182_0370.jpg,0.2449
IMG_0182_0371.jpg,0.2304
IMG_0182_0372.jpg,0.2364
IMG_0182_0373.jpg,0.2104
IMG_0182_0374.jpg,0.1869
IMG_0182_0375.jpg,0.1732
IMG_0182_0376.jpg,0.1364
IMG_0182_0377.jpg,0.1207
IMG_0182_0378.jpg,0.0483
IMG_0182_0379.jpg,0.0492
IMG_0182_0380.jpg,0.0295
IMG_0182_0381.jpg,0.1005
IMG_0182_0382.jpg,0.0807
IMG_0182_0383.jpg,0.0911
IMG_0182_0384.jpg,0.0907
IMG_0182_0385.jpg,0.1088
IMG_0182_0386.jpg,0.0930
IMG_0182_0387.jpg,0.1021
IMG_0182_0388.jpg,0.1136
IMG_0182_0389.jpg,0.1284
IMG_0182_0390.jpg,0.1389
IMG_0182_0391.jpg,0.0968
IMG_0182_0392.jpg,0.1139
IMG_0182_0393.jpg,0.1146
IMG_0182_0394.jpg,0.1057
IMG_0182_0395.jpg,0.1274
IMG_0182_0396.jpg,0.1043
IMG_0182_0397.jpg,0.1260
IMG_0182_0398.jpg,0.1190
IMG_0182_0399.jpg,0.1223
IMG_0182_0400.jpg,0.1035
IMG_0182_0401.jpg,0.0900
IMG_0183_0000.jpg,0.7944
IMG_0183_0001.jpg,0.7902
IMG_0183_0002.jpg,0.7900
IMG_0183_0003.jpg,0.7898
IMG_0183_0004.jpg,0.7842
IMG_0183_0005.jpg,0.7840
IMG_0183_0006.jpg,0.7709
IMG_0183_0007.jpg,0.7437
IMG_0183_0008.jpg,0.7272
IMG_0183_0009.jpg,0.7304
IMG_0183_0010.jpg,0.7271
IMG_0183_0011.jpg,0.7175
IMG_0183_0012.jpg,0.7123
IMG_0183_0013.jpg,0.7099
IMG_0183_0014.jpg,0.7033
IMG_0183_0015.jpg,0.6954
IMG_0183_0016.jpg,0.6953
IMG_0183_0017.jpg,0.6959
IMG_0183_0018.jpg,0.6938
IMG_0183_0019.jpg,0.6870
IMG_0183_0020.jpg,0.6885
IMG_0183_0021.jpg,0.6840
IMG_0183_0022.jpg,0.6858
IMG_0183_0023.jpg,0.6782
IMG_0183_0024.jpg,0.6773
IMG_0183_0025.jpg,0.6727
IMG_0183_0026.jpg,0.6665
IMG_0183_0027.jpg,0.6646
IMG_0183_0028.jpg,0.6651
IMG_0183_0029.jpg,0.6646
IMG_0183_0030.jpg,0.6610
IMG_0183_0031.jpg,0.6543
IMG_0183_0032.jpg,0.6534
IMG_0183_0033.jpg,0.6460
IMG_0183_0034.jpg,0.6414
IMG_0183_0035.jpg,0.6321
IMG_0183_0036.jpg,0.6266
IMG_0183_0037.jpg,0.6269
IMG_0183_0038.jpg,0.6181
IMG_0183_0039.jpg,0.6165
IMG_0183_0040.jpg,0.6126
IMG_0183_0041.jpg,0.6136
IMG_0183_0042.jpg,0.6099
IMG_0183_0043.jpg,0.6105
IMG_0183_0044.jpg,0.6065
IMG_0183_0045.jpg,0.6039
IMG_0183_0046.jpg,0.5966
IMG_0183_0047.jpg,0.5956
IMG_0183_0048.jpg,0.5991
IMG_0183_0049.jpg,0.5939
IMG_0183_0050.jpg,0.5949
IMG_0183_0051.jpg,0.5871
IMG_0183_0052.jpg,0.5855
IMG_0183_0053.jpg,0.5785
IMG_0183_0054.jpg,0.5751
IMG_0183_0055.jpg,0.5673
IMG_0183_0056.jpg,0.5694
IMG_0183_0057.jpg,0.5670
IMG_0183_0058.jpg,0.5651
IMG_0183_0059.jpg,0.5668
IMG_0183_0060.jpg,0.5661
IMG_0183_0061.jpg,0.5691
IMG_0183_0062.jpg,0.5672
IMG_0183_0063.jpg,0.5626
IMG_0183_0064.jpg,0.5622
IMG_0183_0065.jpg,0.5580
IMG_0183_0066.jpg,0.5539
IMG_0183_0067.jpg,0.5550
IMG_0183_0068.jpg,0.5515
IMG_0183_0069.jpg,0.5421
IMG_0183_0070.jpg,0.5320
IMG_0183_0071.jpg,0.5370
IMG_0183_0072.jpg,0.5260
IMG_0183_0073.jpg,0.5206
IMG_0183_0074.jpg,0.5253
IMG_0183_0075.jpg,0.5294
IMG_0183_0076.jpg,0.5344
IMG_0183_0077.jpg,0.5330
IMG_0183_0078.jpg,0.5389
IMG_0183_0079.jpg,0.5409
IMG_0183_0080.jpg,0.5437
IMG_0183_0081.jpg,0.5345
IMG_0183_0082.jpg,0.5359
IMG_0183_0083.jpg,0.5318
IMG_0183_0084.jpg,0.5346
IMG_0183_0085.jpg,0.5286
IMG_0183_0086.jpg,0.5261
IMG_0183_0087.jpg,0.5254
IMG_0183_0088.jpg,0.5321
IMG_0183_0089.jpg,0.5216
IMG_0183_0090.jpg,0.5209
IMG_0183_0091.jpg,0.5243
IMG_0183_0092.jpg,0.5187
IMG_0183_0093.jpg,0.5181
IMG_0183_0094.jpg,0.5076
IMG_0183_0095.jpg,0.5048
IMG_0183_0096.jpg,0.5049
IMG_0183_0097.jpg,0.4983
IMG_0183_0098.jpg,0.4971
IMG_0183_0099.jpg,0.4988
IMG_0183_0100.jpg,0.4890
IMG_0183_0101.jpg,0.4885
IMG_0183_0102.jpg,0.4871
IMG_0183_0103.jpg,0.4799
IMG_0183_0104.jpg,0.4771
IMG_0183_0105.jpg,0.4671
IMG_0183_0106.jpg,0.4754
IMG_0183_0107.jpg,0.4682
IMG_0183_0108.jpg,0.4640
IMG_0183_0109.jpg,0.4602
IMG_0183_0110.jpg,0.4478
IMG_0183_0111.jpg,0.4520
IMG_0183_0112.jpg,0.4488
IMG_0183_0113.jpg,0.4460
IMG_0183_0114.jpg,0.4521
IMG_0183_0115.jpg,0.4507
IMG_0183_0116.jpg,0.4487
IMG_0183_0117.jpg,0.4471
IMG_0183_0118.jpg,0.4430
IMG_0183_0119.jpg,0.4348
IMG_0183_0120.jpg,0.4265
IMG_0183_0121.jpg,0.4254
IMG_0183_0122.jpg,0.4148
IMG_0183_0123.jpg,0.4270
IMG_0183_0124.jpg,0.4243
IMG_0183_0125.jpg,0.4230
IMG_0183_0126.jpg,0.4133
IMG_0183_0127.jpg,0.4113
IMG_0183_0128.jpg,0.4044
IMG_0183_0129.jpg,0.4090
IMG_0183_0130.jpg,0.4166
IMG_0183_0131.jpg,0.4175
IMG_0183_0132.jpg,0.4149
IMG_0183_0133.jpg,0.3953
IMG_0183_0134.jpg,0.4010
IMG_0183_0135.jpg,0.3978
IMG_0183_0136.jpg,0.3982
IMG_0183_0137.jpg,0.3905
IMG_0183_0138.jpg,0.3996
IMG_0183_0139.jpg,0.3949
IMG_0183_0140.jpg,0.3793
IMG_0183_0141.jpg,0.3781
IMG_0183_0142.jpg,0.3677
IMG_0183_0143.jpg,0.3810
IMG_0183_0144.jpg,0.3702
IMG_0183_0145.jpg,0.3521
IMG_0183_0146.jpg,0.3513
IMG_0183_0147.jpg,0.3454
IMG_0183_0148.jpg,0.3292
IMG_0183_0149.jpg,0.3208
IMG_0183_0150.jpg,0.3024
IMG_0183_0151.jpg,0.2955
IMG_0183_0152.jpg,0.2789
IMG_0183_0153.jpg,0.2789
IMG_0183_0154.jpg,0.2745
IMG_0183_0155.jpg,0.2550
IMG_0183_0156.jpg,0.2364
IMG_0183_0157.jpg,0.2306
IMG_0183_0158.jpg,0.2273
IMG_0183_0159.jpg,0.2261
IMG_0183_0160.jpg,0.2173
IMG_0183_0161.jpg,0.2221
IMG_0183_0162.jpg,0.2130
IMG_0183_0163.jpg,0.1977
IMG_0183_0164.jpg,0.1973
IMG_0183_0165.jpg,0.1986
IMG_0183_0166.jpg,0.1843
IMG_0183_0167.jpg,0.1892
IMG_0183_0168.jpg,0.1985
IMG_0183_0169.jpg,0.1871
IMG_0183_0170.jpg,0.1828
IMG_0183_0171.jpg,0.1594
IMG_0183_0172.jpg,0.1382
IMG_0183_0173.jpg,0.1538
IMG_0183_0174.jpg,0.0951
IMG_0183_0175.jpg,0.1077
IMG_0183_0176.jpg,0.1000
IMG_0183_0177.jpg,0.1280
IMG_0183_0178.jpg,0.1084
IMG_0183_0179.jpg,0.1176
IMG_0183_0180.jpg,0.1203
IMG_0183_0181.jpg,0.0971
IMG_0183_0182.jpg,0.0986
IMG_0183_0183.jpg,0.0932
IMG_0183_0184.jpg,0.1062
IMG_0183_0185.jpg,0.0985
IMG_0183_0186.jpg,0.0857
IMG_0183_0187.jpg,0.0872
IMG_0183_0188.jpg,0.0953
IMG_0183_0189.jpg,0.1130
IMG_0183_0190.jpg,0.0995
IMG_0183_0191.jpg,0.1053
IMG_0183_0192.jpg,0.0989
IMG_0183_0193.jpg,0.1090
IMG_0183_0194.jpg,0.1095
IMG_0183_0195.jpg,0.1409
IMG_0183_0196.jpg,0.1508
IMG_0183_0197.jpg,0.1827
IMG_0183_0198.jpg,0.1917
IMG_0183_0199.jpg,0.2017
IMG_0183_0200.jpg,0.2229
IMG_0183_0201.jpg,0.2467
IMG_0183_0202.jpg,0.2589
IMG_0183_0203.jpg,0.2956
IMG_0183_0204.jpg,0.2910
IMG_0183_0205.jpg,0.3165
IMG_0183_0206.jpg,0.3206
IMG_0183_0207.jpg,0.3501
IMG_0183_0208.jpg,0.3541
IMG_0183_0209.jpg,0.3641
IMG_0183_0210.jpg,0.3614
IMG_0183_0211.jpg,0.3705
IMG_0183_0212.jpg,0.3714
IMG_0183_0213.jpg,0.3869
IMG_0183_0214.jpg,0.3917
IMG_0183_0215.jpg,0.4126
IMG_0183_0216.jpg,0.4178
IMG_0183_0217.jpg,0.4265
IMG_0183_0218.jpg,0.4466
IMG_0183_0219.jpg,0.4131
IMG_0183_0220.jpg,0.4458
IMG_0183_0221.jpg,0.0000
IMG_0183_0222.jpg,0.0199
IMG_0183_0223.jpg,0.1816
IMG_0183_0224.jpg,0.3254
IMG_0183_0225.jpg,0.3054
IMG_0183_0226.jpg,0.4121
IMG_0183_0227.jpg,0.3883
IMG_0183_0228.jpg,0.4664
IMG_0183_0229.jpg,0.4313
IMG_0183_0230.jpg,0.4862
IMG_0183_0231.jpg,0.4946
IMG_0183_0232.jpg,0.4836
IMG_0183_0233.jpg,0.4921
IMG_0183_0234.jpg,0.4941
IMG_0183_0235.jpg,0.4830
IMG_0183_0236.jpg,0.4992
IMG_0183_0237.jpg,0.5033
IMG_0183_0238.jpg,0.5064
IMG_0183_0239.jpg,0.5111
IMG_0183_0240.jpg,0.5106
IMG_0183_0241.jpg,0.4997
IMG_0183_0242.jpg,0.5010
IMG_0183_0243.jpg,0.4893
IMG_0183_0244.jpg,0.4871
IMG_0183_0245.jpg,0.4937
IMG_0183_0246.jpg,0.4949
IMG_0183_0247.jpg,0.5059
IMG_0183_0248.jpg,0.5036
IMG_0183_0249.jpg,0.5073
IMG_0183_0250.jpg,0.5092
IMG_0183_0251.jpg,0.5155
IMG_0183_0252.jpg,0.5156
IMG_0183_0253.jpg,0.5180
IMG_0183_0254.jpg,0.5232
IMG_0183_0255.jpg,0.5209
IMG_0183_0256.jpg,0.5307
IMG_0183_0257.jpg,0.5282
IMG_0183_0258.jpg,0.5374
IMG_0183_0259.jpg,0.5237
IMG_0183_0260.jpg,0.5320
IMG_0183_0261.jpg,0.5208
IMG_0183_0262.jpg,0.5340
IMG_0183_0263.jpg,0.5276
IMG_0183_0264.jpg,0.5411
IMG_0183_0265.jpg,0.5442
IMG_0183_0266.jpg,0.5490
IMG_0183_0267.jpg,0.5433
IMG_0183_0268.jpg,0.5473
IMG_0183_0269.jpg,0.5485
IMG_0183_0270.jpg,0.5578
IMG_0183_0271.jpg,0.5589
IMG_0183_0272.jpg,0.5509
IMG_0183_0273.jpg,0.5555
IMG_0183_0274.jpg,0.5576
IMG_0183_0275.jpg,0.5794
IMG_0183_0276.jpg,0.5744
IMG_0183_0277.jpg,0.5741
IMG_0183_0278.jpg,0.5690
IMG_0183_0279.jpg,0.5676
IMG_0183_0280.jpg,0.5743
IMG_0183_0281.jpg,0.5821
IMG_0183_0282.jpg,0.5761
IMG_0183_0283.jpg,0.5805
IMG_0183_0284.jpg,0.5778
IMG_0183_0285.jpg,0.5905
IMG_0183_0286.jpg,0.5899
IMG_0183_0287.jpg,0.5912
IMG_0183_0288.jpg,0.5975
IMG_0183_0289.jpg,0.5961
IMG_0183_0290.jpg,0.6096
IMG_0183_0291.jpg,0.6250
IMG_0183_0292.jpg,0.6214
IMG_0183_0293.jpg,0.6232
IMG_0183_0294.jpg,0.6219
IMG_0183_0295.jpg,0.6332
IMG_0183_0296.jpg,0.6335
IMG_0183_0297.jpg,0.6542
IMG_0183_0298.jpg,0.6601
IMG_0183_0299.jpg,0.6614
IMG_0183_0300.jpg,0.6904
IMG_0183_0301.jpg,0.6951
IMG_0183_0302.jpg,0.6818
IMG_0183_0303.jpg,0.7026
IMG_0183_0304.jpg,0.7115
IMG_0183_0305.jpg,0.7090
IMG_0183_0306.jpg,0.7208
IMG_0183_0307.jpg,0.7159
IMG_0183_0308.jpg,0.7157
IMG_0183_0309.jpg,0.7294
IMG_0183_0310.jpg,0.7201
IMG_0183_0311.jpg,0.7267
IMG_0183_0312.jpg,0.7314
IMG_0183_0313.jpg,0.7207
IMG_0183_0314.jpg,0.6986
IMG_0183_0315.jpg,0.7120
IMG_0183_0316.jpg,0.7225
IMG_0183_0317.jpg,0.7133
IMG_0183_0318.jpg,0.7147
IMG_0183_0319.jpg,0.7217
IMG_0183_0320.jpg,0.7275
IMG_0183_0321.jpg,0.7399
IMG_0183_0322.jpg,0.7351
IMG_0183_0323.jpg,0.7498
IMG_0183_0324.jpg,0.7517
IMG_0183_0325.jpg,0.7560
IMG_0183_0326.jpg,0.7839
IMG_0183_0327.jpg,0.7764
IMG_0183_0328.jpg,0.7821
IMG_0183_0329.jpg,0.7697
IMG_0183_0330.jpg,0.7833
IMG_0183_0331.jpg,0.7777
IMG_0183_0332.jpg,0.7932
IMG_0183_0333.jpg,0.7705
IMG_0183_0334.jpg,0.7801
IMG_0183_0335.jpg,0.7769
IMG_0183_0336.jpg,0.7864
IMG_0183_0337.jpg,0.7863
IMG_0183_0338.jpg,0.7879
IMG_0183_0339.jpg,0.7837
IMG_0183_0340.jpg,0.7775
IMG_0183_0341.jpg,0.7763
IMG_0183_0342.jpg,0.7915
IMG_0183_0343.jpg,0.7876
IMG_0183_0344.jpg,0.8049
IMG_0183_0345.jpg,0.8021
IMG_0183_0346.jpg,0.8036
IMG_0183_0347.jpg,0.8185
IMG_0183_0348.jpg,0.8101
IMG_0183_0349.jpg,0.8152
IMG_0183_0350.jpg,0.8281
IMG_0183_0351.jpg,0.8341
IMG_0183_0352.jpg,0.8488
IMG_0183_0353.jpg,0.8331
IMG_0183_0354.jpg,0.8371
IMG_0183_0355.jpg,0.8442
IMG_0183_0356.jpg,0.8361
IMG_0183_0357.jpg,0.8424
IMG_0183_0358.jpg,0.8540
IMG_0183_0359.jpg,0.8581
IMG_0183_0360.jpg,0.8754
IMG_0183_0361.jpg,0.8740
IMG_0183_0362.jpg,0.8853
IMG_0183_0363.jpg,0.8817
IMG_0183_0364.jpg,0.8835
IMG_0183_0365.jpg,0.8852
IMG_0183_0366.jpg,0.8671
IMG_0183_0367.jpg,0.8702
IMG_0183_0368.jpg,0.8710
IMG_0183_0369.jpg,0.8767
IMG_0183_0370.jpg,0.8690
IMG_0183_0371.jpg,0.8592
IMG_0183_0372.jpg,0.8660
IMG_0183_0373.jpg,0.8634
IMG_0183_0374.jpg,0.8626
IMG_0183_0375.jpg,0.8687
IMG_0183_0376.jpg,0.8688
IMG_0183_0377.jpg,0.8726
IMG_0183_0378.jpg,0.8705
IMG_0183_0379.jpg,0.8687
IMG_0183_0380.jpg,0.8777
IMG_0183_0381.jpg,0.8770
IMG_0183_0382.jpg,0.8750
IMG_0183_0383.jpg,0.9038
IMG_0183_0384.jpg,0.8972
IMG_0183_0385.jpg,0.8875
IMG_0183_0386.jpg,0.8988
IMG_0183_0387.jpg,0.9050
IMG_0183_0388.jpg,0.8840
IMG_0183_0389.jpg,0.8878
IMG_0183_0390.jpg,0.8935
IMG_0183_0391.jpg,0.8940
IMG_0183_0392.jpg,0.8956
IMG_0183_0393.jpg,0.8959
IMG_0183_0394.jpg,0.8957
IMG_0183_0395.jpg,0.9027
IMG_0183_0396.jpg,0.8996
IMG_0183_0397.jpg,0.9060
IMG_0183_0398.jpg,0.9087
IMG_0183_0399.jpg,0.9096
IMG_0183_0400.jpg,0.9059
IMG_0183_0401.jpg,0.8967
IMG_0183_0402.jpg,0.8974
IMG_0183_0403.jpg,0.9010
IMG_0183_0404.jpg,0.9016
IMG_0183_0405.jpg,0.9028
WIN_20260729_15_10_01_Pro_0000.jpg,0.9658
WIN_20260729_15_10_01_Pro_0001.jpg,0.9645
WIN_20260729_15_10_01_Pro_0002.jpg,0.9552
WIN_20260729_15_10_01_Pro_0003.jpg,0.9595
WIN_20260729_15_10_01_Pro_0004.jpg,0.9563
WIN_20260729_15_10_01_Pro_0005.jpg,0.9544
WIN_20260729_15_10_01_Pro_0006.jpg,0.9558
WIN_20260729_15_10_01_Pro_0007.jpg,0.9494
WIN_20260729_15_10_01_Pro_0008.jpg,0.9429
WIN_20260729_15_10_01_Pro_0009.jpg,0.9368
WIN_20260729_15_10_01_Pro_0010.jpg,0.9208
WIN_20260729_15_10_01_Pro_0011.jpg,0.9049
WIN_20260729_15_10_01_Pro_0012.jpg,0.8886
WIN_20260729_15_10_01_Pro_0013.jpg,0.8735
WIN_20260729_15_10_01_Pro_0014.jpg,0.8619
WIN_20260729_15_10_01_Pro_0015.jpg,0.8488
WIN_20260729_15_10_01_Pro_0016.jpg,0.8362
WIN_20260729_15_10_01_Pro_0017.jpg,0.8243
WIN_20260729_15_10_01_Pro_0018.jpg,0.8183
WIN_20260729_15_10_01_Pro_0019.jpg,0.7948
WIN_20260729_15_10_01_Pro_0020.jpg,0.7909
WIN_20260729_15_10_01_Pro_0021.jpg,0.7665
WIN_20260729_15_10_01_Pro_0022.jpg,0.7492
WIN_20260729_15_10_01_Pro_0023.jpg,0.7436
WIN_20260729_15_10_01_Pro_0024.jpg,0.7338
WIN_20260729_15_10_01_Pro_0025.jpg,0.7293
WIN_20260729_15_10_01_Pro_0026.jpg,0.7168
WIN_20260729_15_10_01_Pro_0027.jpg,0.7037
WIN_20260729_15_10_01_Pro_0028.jpg,0.6952
WIN_20260729_15_10_01_Pro_0029.jpg,0.6763
WIN_20260729_15_10_01_Pro_0030.jpg,0.6604
WIN_20260729_15_10_01_Pro_0031.jpg,0.6574
WIN_20260729_15_10_01_Pro_0032.jpg,0.6465
WIN_20260729_15_10_01_Pro_0033.jpg,0.6264
WIN_20260729_15_10_01_Pro_0034.jpg,0.6222
WIN_20260729_15_10_01_Pro_0035.jpg,0.6087
WIN_20260729_15_10_01_Pro_0036.jpg,0.5872
WIN_20260729_15_10_01_Pro_0037.jpg,0.5811
WIN_20260729_15_10_01_Pro_0038.jpg,0.5772
WIN_20260729_15_10_01_Pro_0039.jpg,0.5323
WIN_20260729_15_10_01_Pro_0040.jpg,0.5287
WIN_20260729_15_10_01_Pro_0041.jpg,0.5275
WIN_20260729_15_10_01_Pro_0042.jpg,0.5198
WIN_20260729_15_10_01_Pro_0043.jpg,0.4903
WIN_20260729_15_10_01_Pro_0044.jpg,0.4876
WIN_20260729_15_10_01_Pro_0045.jpg,0.4785
WIN_20260729_15_10_01_Pro_0046.jpg,0.4915
WIN_20260729_15_10_01_Pro_0047.jpg,0.4612
WIN_20260729_15_10_01_Pro_0048.jpg,0.4177
WIN_20260729_15_10_01_Pro_0049.jpg,0.4366
WIN_20260729_15_10_01_Pro_0050.jpg,0.4234
WIN_20260729_15_10_01_Pro_0051.jpg,0.4008
WIN_20260729_15_10_01_Pro_0052.jpg,0.3966
WIN_20260729_15_10_01_Pro_0053.jpg,0.3795
WIN_20260729_15_10_01_Pro_0054.jpg,0.3475
WIN_20260729_15_10_01_Pro_0055.jpg,0.3420
WIN_20260729_15_10_01_Pro_0056.jpg,0.3203
WIN_20260729_15_10_01_Pro_0057.jpg,0.3292
WIN_20260729_15_10_01_Pro_0058.jpg,0.3147
WIN_20260729_15_10_01_Pro_0059.jpg,0.3015
WIN_20260729_15_10_01_Pro_0060.jpg,0.2891
WIN_20260729_15_10_01_Pro_0061.jpg,0.2819
WIN_20260729_15_10_01_Pro_0062.jpg,0.2684
WIN_20260729_15_10_01_Pro_0063.jpg,0.2521
WIN_20260729_15_10_01_Pro_0064.jpg,0.2382
WIN_20260729_15_10_01_Pro_0065.jpg,0.2305
WIN_20260729_15_10_01_Pro_0066.jpg,0.2180
WIN_20260729_15_10_01_Pro_0067.jpg,0.2077
WIN_20260729_15_10_01_Pro_0068.jpg,0.2015
WIN_20260729_15_10_01_Pro_0069.jpg,0.2052
WIN_20260729_15_10_01_Pro_0070.jpg,0.1961
WIN_20260729_15_10_01_Pro_0071.jpg,0.1748
WIN_20260729_15_10_01_Pro_0072.jpg,0.1695
WIN_20260729_15_10_01_Pro_0073.jpg,0.1666
WIN_20260729_15_10_01_Pro_0074.jpg,0.1539
WIN_20260729_15_10_01_Pro_0075.jpg,0.1582
WIN_20260729_15_10_01_Pro_0076.jpg,0.1340
WIN_20260729_15_10_01_Pro_0077.jpg,0.1232
WIN_20260729_15_10_01_Pro_0078.jpg,0.1208
WIN_20260729_15_10_01_Pro_0079.jpg,0.1122
WIN_20260729_15_10_01_Pro_0080.jpg,0.1082
WIN_20260729_15_10_01_Pro_0081.jpg,0.1014
WIN_20260729_15_10_01_Pro_0082.jpg,0.0683
WIN_20260729_15_10_01_Pro_0083.jpg,0.0875
WIN_20260729_15_10_01_Pro_0084.jpg,0.0793
WIN_20260729_15_10_01_Pro_0085.jpg,0.0703
WIN_20260729_15_10_01_Pro_0086.jpg,0.0586
WIN_20260729_15_10_01_Pro_0087.jpg,0.0507
WIN_20260729_15_10_01_Pro_0088.jpg,0.0261
WIN_20260729_15_10_01_Pro_0089.jpg,0.0140
WIN_20260729_15_10_01_Pro_0090.jpg,0.0327
WIN_20260729_15_10_01_Pro_0091.jpg,0.0426
WIN_20260729_15_10_01_Pro_0092.jpg,0.0390
WIN_20260729_15_10_01_Pro_0093.jpg,0.0350
WIN_20260729_15_10_01_Pro_0094.jpg,0.0335
WIN_20260729_15_10_01_Pro_0095.jpg,0.0358
WIN_20260729_15_10_01_Pro_0096.jpg,0.0335
WIN_20260729_15_10_01_Pro_0097.jpg,0.0307
WIN_20260729_15_10_01_Pro_0098.jpg,0.0227
WIN_20260729_15_10_01_Pro_0099.jpg,0.0269
WIN_20260729_15_10_01_Pro_0100.jpg,0.0211
WIN_20260729_15_10_01_Pro_0101.jpg,0.0260
WIN_20260729_15_10_01_Pro_0102.jpg,0.0244
WIN_20260729_15_10_01_Pro_0103.jpg,0.0312
WIN_20260729_15_10_01_Pro_0104.jpg,0.0284
WIN_20260729_15_10_01_Pro_0105.jpg,0.0241
WIN_20260729_15_10_01_Pro_0106.jpg,0.0267
WIN_20260729_15_10_01_Pro_0107.jpg,0.0213
WIN_20260729_15_10_01_Pro_0108.jpg,0.0246
WIN_20260729_15_10_01_Pro_0109.jpg,0.0267
WIN_20260729_15_10_01_Pro_0110.jpg,0.0292
WIN_20260729_15_10_01_Pro_0111.jpg,0.0344
WIN_20260729_15_10_01_Pro_0112.jpg,0.0302
WIN_20260729_15_10_01_Pro_0113.jpg,0.0293
WIN_20260729_15_10_01_Pro_0114.jpg,0.0195
WIN_20260729_15_10_01_Pro_0115.jpg,0.0247
WIN_20260729_15_10_01_Pro_0116.jpg,0.0263
WIN_20260729_15_10_01_Pro_0117.jpg,0.0324
WIN_20260729_15_10_01_Pro_0118.jpg,0.0163
WIN_20260729_15_10_01_Pro_0119.jpg,0.0242
WIN_20260729_15_10_01_Pro_0120.jpg,0.0339
WIN_20260729_15_10_01_Pro_0121.jpg,0.0388
WIN_20260729_15_10_01_Pro_0122.jpg,0.0322
WIN_20260729_15_10_01_Pro_0123.jpg,0.0388
WIN_20260729_15_10_01_Pro_0124.jpg,0.0426
WIN_20260729_15_10_01_Pro_0125.jpg,0.0464
WIN_20260729_15_10_01_Pro_0126.jpg,0.0428
WIN_20260729_15_10_01_Pro_0127.jpg,0.0416
WIN_20260729_15_10_01_Pro_0128.jpg,0.0497
WIN_20260729_15_10_01_Pro_0129.jpg,0.0482
WIN_20260729_15_10_01_Pro_0130.jpg,0.0422
WIN_20260729_15_10_01_Pro_0131.jpg,0.0446
WIN_20260729_15_10_01_Pro_0132.jpg,0.0387
WIN_20260729_15_10_01_Pro_0133.jpg,0.0478
WIN_20260729_15_10_01_Pro_0134.jpg,0.0440
WIN_20260729_15_10_01_Pro_0135.jpg,0.0428
WIN_20260729_15_10_01_Pro_0136.jpg,0.0372
WIN_20260729_15_10_01_Pro_0137.jpg,0.0459
WIN_20260729_15_10_01_Pro_0138.jpg,0.0463
WIN_20260729_15_10_01_Pro_0139.jpg,0.0377
WIN_20260729_15_10_01_Pro_0140.jpg,0.0408
WIN_20260729_15_10_01_Pro_0141.jpg,0.0498
WIN_20260729_15_10_01_Pro_0142.jpg,0.0427
WIN_20260729_15_10_01_Pro_0143.jpg,0.0373
WIN_20260729_15_10_01_Pro_0144.jpg,0.0378
WIN_20260729_15_10_01_Pro_0145.jpg,0.0379
WIN_20260729_15_10_01_Pro_0146.jpg,0.0355
WIN_20260729_15_10_01_Pro_0147.jpg,0.0324
WIN_20260729_15_10_01_Pro_0148.jpg,0.0343
WIN_20260729_15_10_01_Pro_0149.jpg,0.0391
WIN_20260729_15_10_01_Pro_0150.jpg,0.0364
WIN_20260729_15_10_01_Pro_0151.jpg,0.0342
WIN_20260729_15_10_01_Pro_0152.jpg,0.0293
WIN_20260729_15_10_01_Pro_0153.jpg,0.0332
WIN_20260729_15_10_01_Pro_0154.jpg,0.0311
WIN_20260729_15_10_01_Pro_0155.jpg,0.0240
WIN_20260729_15_10_01_Pro_0156.jpg,0.0231
WIN_20260729_15_10_01_Pro_0157.jpg,0.0172
WIN_20260729_15_10_01_Pro_0158.jpg,0.0219
WIN_20260729_15_10_01_Pro_0159.jpg,0.0062
WIN_20260729_15_10_01_Pro_0160.jpg,0.0169
WIN_20260729_15_10_01_Pro_0161.jpg,0.0112
WIN_20260729_15_10_01_Pro_0162.jpg,0.0194
WIN_20260729_15_10_01_Pro_0163.jpg,0.0323
WIN_20260729_15_10_01_Pro_0164.jpg,0.0307
WIN_20260729_15_10_01_Pro_0165.jpg,0.0302
WIN_20260729_15_10_01_Pro_0166.jpg,0.0379
WIN_20260729_15_10_01_Pro_0167.jpg,0.0467
WIN_20260729_15_10_01_Pro_0168.jpg,0.0520
WIN_20260729_15_10_01_Pro_0169.jpg,0.0529
WIN_20260729_15_10_01_Pro_0170.jpg,0.0587
WIN_20260729_15_10_01_Pro_0171.jpg,0.0575
WIN_20260729_15_10_01_Pro_0172.jpg,0.0601
WIN_20260729_15_10_01_Pro_0173.jpg,0.0635
WIN_20260729_15_10_01_Pro_0174.jpg,0.0632
WIN_20260729_15_10_01_Pro_0175.jpg,0.0520
WIN_20260729_15_10_01_Pro_0176.jpg,0.0538
WIN_20260729_15_10_01_Pro_0177.jpg,0.0524
WIN_20260729_15_10_01_Pro_0178.jpg,0.0459
WIN_20260729_15_10_01_Pro_0179.jpg,0.0522
WIN_20260729_15_10_01_Pro_0180.jpg,0.0565
WIN_20260729_15_10_01_Pro_0181.jpg,0.0713
WIN_20260729_15_10_01_Pro_0182.jpg,0.1053
WIN_20260729_15_10_01_Pro_0183.jpg,0.0994
WIN_20260729_15_10_01_Pro_0184.jpg,0.1004
WIN_20260729_15_10_01_Pro_0185.jpg,0.0966
WIN_20260729_15_10_01_Pro_0186.jpg,0.0983
WIN_20260729_15_10_01_Pro_0187.jpg,0.0882
WIN_20260729_15_10_01_Pro_0188.jpg,0.0599
WIN_20260729_15_10_01_Pro_0189.jpg,0.0163
WIN_20260729_15_10_01_Pro_0190.jpg,0.0000
WIN_20260729_15_10_01_Pro_0191.jpg,1.0000
WIN_20260729_15_10_01_Pro_0192.jpg,1.0000
WIN_20260729_15_10_01_Pro_0193.jpg,0.0000
WIN_20260729_15_10_01_Pro_0194.jpg,0.0464
WIN_20260729_15_10_01_Pro_0195.jpg,0.0000
WIN_20260729_15_10_01_Pro_0196.jpg,0.0169
WIN_20260729_15_10_01_Pro_0197.jpg,0.0303
WIN_20260729_15_10_01_Pro_0198.jpg,0.0348
WIN_20260729_15_10_01_Pro_0199.jpg,0.0264
WIN_20260729_15_10_01_Pro_0200.jpg,0.0450
WIN_20260729_15_10_01_Pro_0201.jpg,0.0676
WIN_20260729_15_10_01_Pro_0202.jpg,0.0913
WIN_20260729_15_10_01_Pro_0203.jpg,0.0893
WIN_20260729_15_10_01_Pro_0204.jpg,0.0801
WIN_20260729_15_10_01_Pro_0205.jpg,0.0803
WIN_20260729_15_10_01_Pro_0206.jpg,0.0775
WIN_20260729_15_10_01_Pro_0207.jpg,0.0806
WIN_20260729_15_10_01_Pro_0208.jpg,0.0419
WIN_20260729_15_10_01_Pro_0209.jpg,0.0347
WIN_20260729_15_10_01_Pro_0210.jpg,0.0271
WIN_20260729_15_10_01_Pro_0211.jpg,0.0080
WIN_20260729_15_10_01_Pro_0212.jpg,0.0000
WIN_20260729_15_10_01_Pro_0213.jpg,0.9737
WIN_20260729_15_10_01_Pro_0214.jpg,1.0000
WIN_20260729_15_10_01_Pro_0215.jpg,0.0000
WIN_20260729_15_10_01_Pro_0216.jpg,0.0000
WIN_20260729_15_10_01_Pro_0217.jpg,0.0000
WIN_20260729_15_10_01_Pro_0218.jpg,0.0000
WIN_20260729_15_10_01_Pro_0219.jpg,0.0000
WIN_20260729_15_10_01_Pro_0220.jpg,0.3998
WIN_20260729_15_10_01_Pro_0221.jpg,0.0896
WIN_20260729_15_10_01_Pro_0222.jpg,0.0449
WIN_20260729_15_10_01_Pro_0223.jpg,0.0656
WIN_20260729_15_10_01_Pro_0224.jpg,0.0647
WIN_20260729_15_10_01_Pro_0225.jpg,0.0689
WIN_20260729_15_10_01_Pro_0226.jpg,0.0990
WIN_20260729_15_10_01_Pro_0227.jpg,0.1165
WIN_20260729_15_10_01_Pro_0228.jpg,0.2401
WIN_20260729_15_10_01_Pro_0229.jpg,0.1242
WIN_20260729_15_10_01_Pro_0230.jpg,0.1185
WIN_20260729_15_10_01_Pro_0231.jpg,0.1298
WIN_20260729_15_10_01_Pro_0232.jpg,0.1047
WIN_20260729_15_10_01_Pro_0233.jpg,0.1044
WIN_20260729_15_10_01_Pro_0234.jpg,0.1060
WIN_20260729_15_10_01_Pro_0235.jpg,0.1139
WIN_20260729_15_10_01_Pro_0236.jpg,0.1568
WIN_20260729_15_10_01_Pro_0237.jpg,0.1792
WIN_20260729_15_10_01_Pro_0238.jpg,0.2503
WIN_20260729_15_10_01_Pro_0239.jpg,0.2983
WIN_20260729_15_10_01_Pro_0240.jpg,0.3360
WIN_20260729_15_10_01_Pro_0241.jpg,0.3359
WIN_20260729_15_10_01_Pro_0242.jpg,0.3644
WIN_20260729_15_10_01_Pro_0243.jpg,0.3994
WIN_20260729_15_10_01_Pro_0244.jpg,0.4168
WIN_20260729_15_10_01_Pro_0245.jpg,0.4499
WIN_20260729_15_10_01_Pro_0246.jpg,0.5229
WIN_20260729_15_10_01_Pro_0247.jpg,0.5243
WIN_20260729_15_10_01_Pro_0248.jpg,0.5278
WIN_20260729_15_10_01_Pro_0249.jpg,0.5318
WIN_20260729_15_10_01_Pro_0250.jpg,0.5447
WIN_20260729_15_10_01_Pro_0251.jpg,0.5560
WIN_20260729_15_10_01_Pro_0252.jpg,0.5502
WIN_20260729_15_10_01_Pro_0253.jpg,0.5435
WIN_20260729_15_10_01_Pro_0254.jpg,0.5448
WIN_20260729_15_10_01_Pro_0255.jpg,0.5292
WIN_20260729_15_10_01_Pro_0256.jpg,0.5418
WIN_20260729_15_10_01_Pro_0257.jpg,0.5450
WIN_20260729_15_10_01_Pro_0258.jpg,0.6118
WIN_20260729_15_10_01_Pro_0259.jpg,0.6266
WIN_20260729_15_10_01_Pro_0260.jpg,0.6652
WIN_20260729_15_10_01_Pro_0261.jpg,0.6879
WIN_20260729_15_10_01_Pro_0262.jpg,0.6848
WIN_20260729_15_10_01_Pro_0263.jpg,0.6736
WIN_20260729_15_10_01_Pro_0264.jpg,0.6341
WIN_20260729_15_10_01_Pro_0265.jpg,0.4449
WIN_20260729_15_10_01_Pro_0266.jpg,0.3019
WIN_20260729_15_10_01_Pro_0267.jpg,0.2811
WIN_20260729_15_10_01_Pro_0268.jpg,0.2358
WIN_20260729_15_10_01_Pro_0269.jpg,0.2173
WIN_20260729_15_10_01_Pro_0270.jpg,0.2269
WIN_20260729_15_10_01_Pro_0271.jpg,0.2255
WIN_20260729_15_10_01_Pro_0272.jpg,0.2781
WIN_20260729_15_10_01_Pro_0273.jpg,0.3509
WIN_20260729_15_10_01_Pro_0274.jpg,0.3731
WIN_20260729_15_10_01_Pro_0275.jpg,0.4020
WIN_20260729_15_10_01_Pro_0276.jpg,0.4650
WIN_20260729_15_10_01_Pro_0277.jpg,0.3935
WIN_20260729_15_10_01_Pro_0278.jpg,0.2521
WIN_20260729_15_10_01_Pro_0279.jpg,0.1372
WIN_20260729_15_10_01_Pro_0280.jpg,0.1337
WIN_20260729_15_10_01_Pro_0281.jpg,0.1414
WIN_20260729_15_10_01_Pro_0282.jpg,0.1402
WIN_20260729_15_10_01_Pro_0283.jpg,0.1431
WIN_20260729_15_10_01_Pro_0284.jpg,0.1530
WIN_20260729_15_10_01_Pro_0285.jpg,0.1688
WIN_20260729_15_10_01_Pro_0286.jpg,0.1790
WIN_20260729_15_10_01_Pro_0287.jpg,0.1913
WIN_20260729_15_10_01_Pro_0288.jpg,0.2091
WIN_20260729_15_10_01_Pro_0289.jpg,0.2309
WIN_20260729_15_10_01_Pro_0290.jpg,0.2439
WIN_20260729_15_10_01_Pro_0291.jpg,0.2591
WIN_20260729_15_10_01_Pro_0292.jpg,0.2706
WIN_20260729_15_10_01_Pro_0293.jpg,0.2440
WIN_20260729_15_10_01_Pro_0294.jpg,0.2038
WIN_20260729_15_10_01_Pro_0295.jpg,0.1470
WIN_20260729_15_10_01_Pro_0296.jpg,0.1018
WIN_20260729_15_10_01_Pro_0297.jpg,0.0773
WIN_20260729_15_10_01_Pro_0298.jpg,0.0746
WIN_20260729_15_10_01_Pro_0299.jpg,0.0844
WIN_20260729_15_10_01_Pro_0300.jpg,0.0907
WIN_20260729_15_10_01_Pro_0301.jpg,0.0846
WIN_20260729_15_10_01_Pro_0302.jpg,0.1034
WIN_20260729_15_10_01_Pro_0303.jpg,0.1446
WIN_20260729_15_10_01_Pro_0304.jpg,0.2133
WIN_20260729_15_10_01_Pro_0305.jpg,0.2656
WIN_20260729_15_10_01_Pro_0306.jpg,0.3556
WIN_20260729_15_10_01_Pro_0307.jpg,0.4351
WIN_20260729_15_10_01_Pro_0308.jpg,0.5833
WIN_20260729_15_10_01_Pro_0309.jpg,0.7052
WIN_20260729_15_10_01_Pro_0310.jpg,0.7833
WIN_20260729_15_10_01_Pro_0311.jpg,0.8210
WIN_20260729_15_10_01_Pro_0312.jpg,0.8599
WIN_20260729_15_10_01_Pro_0313.jpg,0.8812
WIN_20260729_15_10_01_Pro_0314.jpg,0.9083
WIN_20260729_15_10_01_Pro_0315.jpg,0.9277
WIN_20260729_15_10_01_Pro_0316.jpg,0.9508
WIN_20260729_15_10_01_Pro_0317.jpg,0.9566
WIN_20260729_15_10_01_Pro_0318.jpg,0.9709
WIN_20260729_15_10_01_Pro_0319.jpg,0.9840
WIN_20260729_15_10_01_Pro_0320.jpg,0.9786
WIN_20260729_15_10_01_Pro_0321.jpg,0.9830
WIN_20260729_15_10_01_Pro_0322.jpg,0.9816
WIN_20260729_15_10_01_Pro_0323.jpg,0.9883
WIN_20260729_15_10_01_Pro_0324.jpg,0.9881
WIN_20260729_15_10_01_Pro_0325.jpg,0.9866
WIN_20260729_15_10_01_Pro_0326.jpg,0.9896
WIN_20260729_15_10_01_Pro_0327.jpg,0.9888
WIN_20260729_15_10_01_Pro_0328.jpg,0.9824
WIN_20260729_15_10_01_Pro_0329.jpg,0.9851
WIN_20260729_15_10_01_Pro_0330.jpg,0.9868
WIN_20260729_15_10_01_Pro_0331.jpg,0.9848
WIN_20260729_15_10_01_Pro_0332.jpg,0.9731
WIN_20260729_15_10_01_Pro_0333.jpg,0.9703
WIN_20260729_15_10_01_Pro_0334.jpg,0.9535
WIN_20260729_15_10_01_Pro_0335.jpg,0.9389
WIN_20260729_15_10_01_Pro_0336.jpg,0.9204
WIN_20260729_15_10_01_Pro_0337.jpg,0.9007
WIN_20260729_15_10_01_Pro_0338.jpg,0.9014
WIN_20260729_15_10_01_Pro_0339.jpg,0.8916
WIN_20260729_15_10_01_Pro_0340.jpg,0.8745
WIN_20260729_15_10_01_Pro_0341.jpg,0.8440
WIN_20260729_15_10_01_Pro_0342.jpg,0.8287
WIN_20260729_15_10_01_Pro_0343.jpg,0.8009
WIN_20260729_15_10_01_Pro_0344.jpg,0.7094
WIN_20260729_15_10_01_Pro_0345.jpg,0.5878
WIN_20260729_15_10_01_Pro_0346.jpg,0.5087
WIN_20260729_15_10_01_Pro_0347.jpg,0.4540
WIN_20260729_15_10_01_Pro_0348.jpg,0.3491
WIN_20260729_15_10_01_Pro_0349.jpg,0.2430
WIN_20260729_15_10_01_Pro_0350.jpg,0.2173
WIN_20260729_15_10_01_Pro_0351.jpg,0.1756
WIN_20260729_15_10_01_Pro_0352.jpg,0.1743
WIN_20260729_15_10_01_Pro_0353.jpg,0.1367
WIN_20260729_15_10_01_Pro_0354.jpg,0.1656
WIN_20260729_15_10_01_Pro_0355.jpg,0.1959
WIN_20260729_15_10_01_Pro_0356.jpg,0.2510
WIN_20260729_15_10_01_Pro_0357.jpg,0.3451
WIN_20260729_15_10_01_Pro_0358.jpg,0.4938
WIN_20260729_15_10_01_Pro_0359.jpg,0.5915
WIN_20260729_15_10_01_Pro_0360.jpg,0.6518
WIN_20260729_15_10_01_Pro_0361.jpg,0.7217
WIN_20260729_15_10_01_Pro_0362.jpg,0.7682
WIN_20260729_15_10_01_Pro_0363.jpg,0.7930
WIN_20260729_15_10_01_Pro_0364.jpg,0.8474
WIN_20260729_15_10_01_Pro_0365.jpg,0.8784
WIN_20260729_15_10_01_Pro_0366.jpg,0.8992
WIN_20260729_15_10_01_Pro_0367.jpg,0.9533
WIN_20260729_15_10_01_Pro_0368.jpg,0.9600
WIN_20260729_15_10_01_Pro_0369.jpg,0.9742
WIN_20260729_15_10_01_Pro_0370.jpg,0.9811
WIN_20260729_15_10_01_Pro_0371.jpg,0.9861
WIN_20260729_15_10_01_Pro_0372.jpg,0.9961
WIN_20260729_15_10_01_Pro_0373.jpg,0.9958
WIN_20260729_15_10_01_Pro_0374.jpg,1.0000
WIN_20260729_15_10_01_Pro_0375.jpg,1.0000
WIN_20260729_15_10_01_Pro_0376.jpg,0.9953
WIN_20260729_15_10_01_Pro_0377.jpg,0.9763
WIN_20260729_15_10_01_Pro_0378.jpg,0.9300
WIN_20260729_15_10_01_Pro_0379.jpg,0.8531
WIN_20260729_15_10_01_Pro_0380.jpg,0.6912
WIN_20260729_15_10_01_Pro_0381.jpg,0.5940
WIN_20260729_15_10_01_Pro_0382.jpg,0.4794
WIN_20260729_15_10_01_Pro_0383.jpg,0.3819
WIN_20260729_15_10_01_Pro_0384.jpg,0.4898
WIN_20260729_15_10_01_Pro_0385.jpg,0.6965
WIN_20260729_15_10_01_Pro_0386.jpg,0.8264
WIN_20260729_15_10_01_Pro_0387.jpg,0.9039
WIN_20260729_15_10_01_Pro_0388.jpg,0.9644
WIN_20260729_15_10_01_Pro_0389.jpg,0.9972
WIN_20260729_15_10_01_Pro_0390.jpg,1.0000
WIN_20260729_15_10_01_Pro_0391.jpg,0.9935
WIN_20260729_15_10_01_Pro_0392.jpg,0.9740
WIN_20260729_15_10_01_Pro_0393.jpg,0.9635
WIN_20260729_15_10_01_Pro_0394.jpg,0.9567
WIN_20260729_15_10_01_Pro_0395.jpg,0.9637
WIN_20260729_15_10_01_Pro_0396.jpg,0.9644
WIN_20260729_15_10_01_Pro_0397.jpg,0.9614
WIN_20260729_15_10_01_Pro_0398.jpg,0.9712
WIN_20260729_15_10_01_Pro_0399.jpg,0.9633
WIN_20260729_15_10_01_Pro_0400.jpg,0.9621
WIN_20260729_15_10_01_Pro_0401.jpg,0.9634
WIN_20260729_15_10_01_Pro_0402.jpg,0.9582
WIN_20260729_15_10_01_Pro_0403.jpg,0.9625
WIN_20260729_15_10_01_Pro_0404.jpg,0.9575
WIN_20260729_15_10_01_Pro_0405.jpg,0.9560
WIN_20260729_15_10_01_Pro_0406.jpg,0.9592
WIN_20260729_15_10_01_Pro_0407.jpg,0.9570
WIN_20260729_15_10_01_Pro_0408.jpg,0.9671
WIN_20260729_15_10_01_Pro_0409.jpg,0.9608
WIN_20260729_15_10_01_Pro_0410.jpg,0.9517
WIN_20260729_15_10_01_Pro_0411.jpg,0.9420
WIN_20260729_15_10_01_Pro_0412.jpg,0.9260
WIN_20260729_15_10_01_Pro_0413.jpg,0.9376
WIN_20260729_15_10_01_Pro_0414.jpg,0.9428
WIN_20260729_15_10_01_Pro_0415.jpg,0.9527
WIN_20260729_15_10_01_Pro_0416.jpg,0.9628
WIN_20260729_15_10_01_Pro_0417.jpg,0.9630
WIN_20260729_15_10_01_Pro_0418.jpg,0.9534
WIN_20260729_15_10_01_Pro_0419.jpg,0.9370
WIN_20260729_15_10_01_Pro_0420.jpg,0.8995
WIN_20260729_15_10_01_Pro_0421.jpg,0.8834
WIN_20260729_15_10_01_Pro_0422.jpg,0.8742
WIN_20260729_15_10_01_Pro_0423.jpg,0.8794
WIN_20260729_15_10_01_Pro_0424.jpg,0.8956
WIN_20260729_15_10_01_Pro_0425.jpg,0.9236
WIN_20260729_15_10_01_Pro_0426.jpg,0.9501
WIN_20260729_15_10_01_Pro_0427.jpg,0.9674
WIN_20260729_15_10_01_Pro_0428.jpg,0.9913
WIN_20260729_15_10_01_Pro_0429.jpg,1.0000
WIN_20260729_15_10_01_Pro_0430.jpg,1.0000
WIN_20260729_15_10_01_Pro_0431.jpg,1.0000
WIN_20260729_15_10_01_Pro_0432.jpg,1.0000
WIN_20260729_15_10_01_Pro_0433.jpg,1.0000
WIN_20260729_15_10_01_Pro_0434.jpg,0.9812
WIN_20260729_15_10_01_Pro_0435.jpg,0.9449
WIN_20260729_15_10_01_Pro_0436.jpg,0.9297
WIN_20260729_15_10_01_Pro_0437.jpg,0.9036
WIN_20260729_15_10_01_Pro_0438.jpg,0.8838
WIN_20260729_15_10_01_Pro_0439.jpg,0.8886
WIN_20260729_15_10_01_Pro_0440.jpg,0.9290
WIN_20260729_15_10_01_Pro_0441.jpg,0.9814
WIN_20260729_15_10_01_Pro_0442.jpg,1.0000
WIN_20260729_15_10_01_Pro_0443.jpg,1.0000
WIN_20260729_15_10_01_Pro_0444.jpg,1.0000
WIN_20260729_15_10_01_Pro_0445.jpg,1.0000
WIN_20260729_15_10_01_Pro_0446.jpg,1.0000
WIN_20260729_15_10_01_Pro_0447.jpg,0.9956
WIN_20260729_15_10_01_Pro_0448.jpg,0.9909
WIN_20260729_15_10_01_Pro_0449.jpg,0.9994
WIN_20260729_15_10_01_Pro_0450.jpg,0.9567
WIN_20260729_15_10_01_Pro_0451.jpg,0.9192
WIN_20260729_15_10_01_Pro_0452.jpg,0.8921
WIN_20260729_15_10_01_Pro_0453.jpg,0.8723
WIN_20260729_15_10_01_Pro_0454.jpg,0.8738
WIN_20260729_15_10_01_Pro_0455.jpg,0.8848
WIN_20260729_15_10_01_Pro_0456.jpg,0.8950
WIN_20260729_15_10_01_Pro_0457.jpg,0.9155
WIN_20260729_15_10_01_Pro_0458.jpg,0.9466
WIN_20260729_15_10_01_Pro_0459.jpg,0.9846
WIN_20260729_15_10_01_Pro_0460.jpg,0.9890
WIN_20260729_15_10_01_Pro_0461.jpg,0.9862
WIN_20260729_15_10_01_Pro_0462.jpg,0.9942
WIN_20260729_15_10_01_Pro_0463.jpg,0.9995
WIN_20260729_15_10_01_Pro_0464.jpg,0.9965
WIN_20260729_15_10_01_Pro_0465.jpg,0.9933
WIN_20260729_15_10_01_Pro_0466.jpg,0.9919
WIN_20260729_15_10_01_Pro_0467.jpg,0.9901
WIN_20260729_15_10_01_Pro_0468.jpg,0.9901
WIN_20260729_15_10_01_Pro_0469.jpg,0.9983
WIN_20260729_15_10_01_Pro_0470.jpg,0.9923
WIN_20260729_15_10_01_Pro_0471.jpg,0.9911
WIN_20260729_15_10_01_Pro_0472.jpg,1.0000
WIN_20260729_15_10_01_Pro_0473.jpg,0.9956
WIN_20260729_15_10_01_Pro_0474.jpg,0.9998
WIN_20260729_15_10_01_Pro_0475.jpg,0.9958
WIN_20260729_15_10_01_Pro_0476.jpg,0.9924
WIN_20260729_15_10_01_Pro_0477.jpg,0.9938
WIN_20260729_15_10_01_Pro_0478.jpg,0.9904
WIN_20260729_15_10_01_Pro_0479.jpg,0.9877
WIN_20260729_15_10_01_Pro_0480.jpg,0.9902
WIN_20260729_15_10_01_Pro_0481.jpg,0.9896
WIN_20260729_15_10_01_Pro_0482.jpg,0.9831
WIN_20260729_15_10_01_Pro_0483.jpg,0.9846
WIN_20260729_15_10_01_Pro_0484.jpg,0.9853
WIN_20260729_15_10_01_Pro_0485.jpg,0.9833
WIN_20260729_15_10_01_Pro_0486.jpg,0.9844
WIN_20260729_15_10_01_Pro_0487.jpg,0.9870
WIN_20260729_15_10_01_Pro_0488.jpg,0.9829
WIN_20260729_15_10_01_Pro_0489.jpg,0.9861
WIN_20260729_15_10_01_Pro_0490.jpg,0.9812
WIN_20260729_15_10_01_Pro_0491.jpg,0.9812
WIN_20260729_15_10_01_Pro_0492.jpg,0.9970
WIN_20260729_15_10_01_Pro_0493.jpg,0.9755
WIN_20260729_15_10_01_Pro_0494.jpg,0.9694
WIN_20260729_15_10_01_Pro_0495.jpg,0.9653
WIN_20260729_15_10_01_Pro_0496.jpg,0.9614
WIN_20260729_15_10_01_Pro_0497.jpg,0.9537
WIN_20260729_15_10_01_Pro_0498.jpg,0.9508
WIN_20260729_15_10_01_Pro_0499.jpg,0.9384
WIN_20260729_15_10_01_Pro_0500.jpg,0.9382
WIN_20260729_15_10_01_Pro_0501.jpg,0.9246
WIN_20260729_15_10_01_Pro_0502.jpg,0.9213
WIN_20260729_15_10_01_Pro_0503.jpg,0.9215
WIN_20260729_15_10_01_Pro_0504.jpg,0.9180
WIN_20260729_15_10_01_Pro_0505.jpg,0.9079
WIN_20260729_15_10_01_Pro_0506.jpg,0.8942
WIN_20260729_15_10_01_Pro_0507.jpg,0.8876
WIN_20260729_15_10_01_Pro_0508.jpg,0.8685
WIN_20260729_15_10_01_Pro_0509.jpg,0.8646
WIN_20260729_15_10_01_Pro_0510.jpg,0.8788
WIN_20260729_15_10_01_Pro_0511.jpg,0.9049
WIN_20260729_15_10_01_Pro_0512.jpg,0.9227
WIN_20260729_15_10_01_Pro_0513.jpg,0.9337
WIN_20260729_15_10_01_Pro_0514.jpg,0.9356
WIN_20260729_15_10_01_Pro_0515.jpg,0.9251
WIN_20260729_15_10_01_Pro_0516.jpg,0.9110
WIN_20260729_15_10_01_Pro_0517.jpg,0.8900
WIN_20260729_15_10_01_Pro_0518.jpg,0.8739
WIN_20260729_15_10_01_Pro_0519.jpg,0.8397
WIN_20260729_15_10_01_Pro_0520.jpg,0.8093
WIN_20260729_15_10_01_Pro_0521.jpg,0.7840
WIN_20260729_15_10_01_Pro_0522.jpg,0.7458
WIN_20260729_15_10_01_Pro_0523.jpg,0.6380
WIN_20260729_15_10_01_Pro_0524.jpg,0.5594
WIN_20260729_15_10_01_Pro_0525.jpg,0.4943
WIN_20260729_15_10_01_Pro_0526.jpg,0.4237
WIN_20260729_15_10_01_Pro_0527.jpg,0.3743
WIN_20260729_15_10_01_Pro_0528.jpg,0.3261
WIN_20260729_15_10_01_Pro_0529.jpg,0.2813
WIN_20260729_15_10_01_Pro_0530.jpg,0.2523
WIN_20260729_15_10_01_Pro_0531.jpg,0.2389
WIN_20260729_15_10_01_Pro_0532.jpg,0.2458
WIN_20260729_15_10_01_Pro_0533.jpg,0.2923
WIN_20260729_15_10_01_Pro_0534.jpg,0.3501
WIN_20260729_15_10_01_Pro_0535.jpg,0.4162
WIN_20260729_15_10_01_Pro_0536.jpg,0.4878
WIN_20260729_15_10_01_Pro_0537.jpg,0.5744
WIN_20260729_15_10_01_Pro_0538.jpg,0.6037
WIN_20260729_15_10_01_Pro_0539.jpg,0.6465
WIN_20260729_15_10_01_Pro_0540.jpg,0.6513
WIN_20260729_15_10_01_Pro_0541.jpg,0.6278
WIN_20260729_15_10_01_Pro_0542.jpg,0.6125
WIN_20260729_15_10_01_Pro_0543.jpg,0.6062
WIN_20260729_15_10_01_Pro_0544.jpg,0.5972
WIN_20260729_15_10_01_Pro_0545.jpg,0.5843
WIN_20260729_15_10_01_Pro_0546.jpg,0.5976
WIN_20260729_15_10_01_Pro_0547.jpg,0.6514
WIN_20260729_15_10_01_Pro_0548.jpg,0.7012
WIN_20260729_15_10_01_Pro_0549.jpg,0.7504
WIN_20260729_15_10_01_Pro_0550.jpg,0.7700
WIN_20260729_15_10_01_Pro_0551.jpg,0.8355
WIN_20260729_15_10_01_Pro_0552.jpg,0.8789
WIN_20260729_15_10_01_Pro_0553.jpg,0.9059
WIN_20260729_15_10_01_Pro_0554.jpg,0.9485
WIN_20260729_15_10_01_Pro_0555.jpg,0.9581
WIN_20260729_15_10_01_Pro_0556.jpg,0.9686
WIN_20260729_15_10_01_Pro_0557.jpg,0.9675
WIN_20260729_15_10_01_Pro_0558.jpg,0.9627
WIN_20260729_15_10_01_Pro_0559.jpg,0.9578
WIN_20260729_15_11_34_Pro_0000.jpg,0.4093
WIN_20260729_15_11_34_Pro_0001.jpg,0.3591
WIN_20260729_15_11_34_Pro_0002.jpg,0.3912
WIN_20260729_15_11_34_Pro_0003.jpg,0.4116
WIN_20260729_15_11_34_Pro_0004.jpg,0.4045
WIN_20260729_15_11_34_Pro_0005.jpg,0.3956
WIN_20260729_15_11_34_Pro_0006.jpg,0.3875
WIN_20260729_15_11_34_Pro_0007.jpg,0.4214
WIN_20260729_15_11_34_Pro_0008.jpg,0.4043
WIN_20260729_15_11_34_Pro_0009.jpg,0.4170
WIN_20260729_15_11_34_Pro_0010.jpg,0.8949
WIN_20260729_15_11_34_Pro_0011.jpg,0.8854
WIN_20260729_15_11_34_Pro_0013.jpg,0.8757
WIN_20260729_15_11_34_Pro_0014.jpg,0.8808
WIN_20260729_15_11_34_Pro_0015.jpg,0.8769
WIN_20260729_15_11_34_Pro_0016.jpg,0.8633
WIN_20260729_15_11_34_Pro_0017.jpg,0.8630
WIN_20260729_15_11_34_Pro_0018.jpg,0.8591
WIN_20260729_15_11_34_Pro_0019.jpg,0.8528
WIN_20260729_15_11_34_Pro_0020.jpg,0.8531
WIN_20260729_15_11_34_Pro_0021.jpg,0.8526
WIN_20260729_15_11_34_Pro_0022.jpg,0.8480
WIN_20260729_15_11_34_Pro_0023.jpg,0.8369
WIN_20260729_15_11_34_Pro_0024.jpg,0.8363
WIN_20260729_15_11_34_Pro_0025.jpg,0.8329
WIN_20260729_15_11_34_Pro_0026.jpg,0.8256
WIN_20260729_15_11_34_Pro_0027.jpg,0.8240
WIN_20260729_15_11_34_Pro_0028.jpg,0.8092
WIN_20260729_15_11_34_Pro_0029.jpg,0.8157
WIN_20260729_15_11_34_Pro_0030.jpg,0.8242
WIN_20260729_15_11_34_Pro_0031.jpg,0.8198
WIN_20260729_15_11_34_Pro_0032.jpg,0.8027
WIN_20260729_15_11_34_Pro_0033.jpg,0.7946
WIN_20260729_15_11_34_Pro_0034.jpg,0.7980
WIN_20260729_15_11_34_Pro_0035.jpg,0.7923
WIN_20260729_15_11_34_Pro_0036.jpg,0.7993
WIN_20260729_15_11_34_Pro_0037.jpg,0.8021
WIN_20260729_15_11_34_Pro_0038.jpg,0.7983
WIN_20260729_15_11_34_Pro_0039.jpg,0.7901
WIN_20260729_15_11_34_Pro_0040.jpg,0.7896
WIN_20260729_15_11_34_Pro_0041.jpg,0.7867
WIN_20260729_15_11_34_Pro_0042.jpg,0.7771
WIN_20260729_15_11_34_Pro_0043.jpg,0.7808
WIN_20260729_15_11_34_Pro_0044.jpg,0.7668
WIN_20260729_15_11_34_Pro_0045.jpg,0.7640
WIN_20260729_15_11_34_Pro_0046.jpg,0.7558
WIN_20260729_15_11_34_Pro_0047.jpg,0.7535
WIN_20260729_15_11_34_Pro_0048.jpg,0.7462
WIN_20260729_15_11_34_Pro_0049.jpg,0.7404
WIN_20260729_15_11_34_Pro_0050.jpg,0.7356
WIN_20260729_15_11_34_Pro_0051.jpg,0.7231
WIN_20260729_15_11_34_Pro_0052.jpg,0.7129
WIN_20260729_15_11_34_Pro_0053.jpg,0.7181
WIN_20260729_15_11_34_Pro_0054.jpg,0.7026
WIN_20260729_15_11_34_Pro_0055.jpg,0.6916
WIN_20260729_15_11_34_Pro_0056.jpg,0.6840
WIN_20260729_15_11_34_Pro_0057.jpg,0.6831
WIN_20260729_15_11_34_Pro_0058.jpg,0.6823
WIN_20260729_15_11_34_Pro_0059.jpg,0.6757
WIN_20260729_15_11_34_Pro_0060.jpg,0.6387
WIN_20260729_15_11_34_Pro_0061.jpg,0.6355
WIN_20260729_15_11_34_Pro_0062.jpg,0.6341
WIN_20260729_15_11_34_Pro_0063.jpg,0.6289
WIN_20260729_15_11_34_Pro_0064.jpg,0.6061
WIN_20260729_15_11_34_Pro_0065.jpg,0.5922
WIN_20260729_15_11_34_Pro_0066.jpg,0.5888
WIN_20260729_15_11_34_Pro_0067.jpg,0.5595
WIN_20260729_15_11_34_Pro_0068.jpg,0.5623
WIN_20260729_15_11_34_Pro_0069.jpg,0.5404
WIN_20260729_15_11_34_Pro_0070.jpg,0.5219
WIN_20260729_15_11_34_Pro_0071.jpg,0.5133
WIN_20260729_15_11_34_Pro_0072.jpg,0.5097
WIN_20260729_15_11_34_Pro_0073.jpg,0.4941
WIN_20260729_15_11_34_Pro_0074.jpg,0.4863
WIN_20260729_15_11_34_Pro_0075.jpg,0.4792
WIN_20260729_15_11_34_Pro_0076.jpg,0.4710
WIN_20260729_15_11_34_Pro_0077.jpg,0.4530
WIN_20260729_15_11_34_Pro_0078.jpg,0.4064
WIN_20260729_15_11_34_Pro_0079.jpg,0.4133
WIN_20260729_15_11_34_Pro_0080.jpg,0.4185
WIN_20260729_15_11_34_Pro_0081.jpg,0.3966
WIN_20260729_15_11_34_Pro_0082.jpg,0.3953
WIN_20260729_15_11_34_Pro_0083.jpg,0.3984
WIN_20260729_15_11_34_Pro_0084.jpg,0.3886
WIN_20260729_15_11_34_Pro_0085.jpg,0.3775
WIN_20260729_15_11_34_Pro_0086.jpg,0.3645
WIN_20260729_15_11_34_Pro_0087.jpg,0.3545
WIN_20260729_15_11_34_Pro_0088.jpg,0.3324
WIN_20260729_15_11_34_Pro_0089.jpg,0.3397
WIN_20260729_15_11_34_Pro_0090.jpg,0.3345
WIN_20260729_15_11_34_Pro_0091.jpg,0.3075
WIN_20260729_15_11_34_Pro_0092.jpg,0.2877
WIN_20260729_15_11_34_Pro_0093.jpg,0.2804
WIN_20260729_15_11_34_Pro_0094.jpg,0.2811
WIN_20260729_15_11_34_Pro_0095.jpg,0.2695
WIN_20260729_15_11_34_Pro_0096.jpg,0.2713
WIN_20260729_15_11_34_Pro_0097.jpg,0.2774
WIN_20260729_15_11_34_Pro_0098.jpg,0.2802
WIN_20260729_15_11_34_Pro_0099.jpg,0.2623
WIN_20260729_15_11_34_Pro_0100.jpg,0.2475
WIN_20260729_15_11_34_Pro_0101.jpg,0.2615
WIN_20260729_15_11_34_Pro_0102.jpg,0.2779
WIN_20260729_15_11_34_Pro_0103.jpg,0.2601
WIN_20260729_15_11_34_Pro_0104.jpg,0.2216
WIN_20260729_15_11_34_Pro_0105.jpg,0.2221
WIN_20260729_15_11_34_Pro_0106.jpg,0.2540
WIN_20260729_15_11_34_Pro_0107.jpg,0.2163
WIN_20260729_15_11_34_Pro_0108.jpg,0.2282
WIN_20260729_15_11_34_Pro_0109.jpg,0.2014
WIN_20260729_15_11_34_Pro_0110.jpg,0.2186
WIN_20260729_15_11_34_Pro_0111.jpg,0.2214
WIN_20260729_15_11_34_Pro_0112.jpg,0.2186
WIN_20260729_15_11_34_Pro_0113.jpg,0.2164
WIN_20260729_15_11_34_Pro_0114.jpg,0.1822
WIN_20260729_15_11_34_Pro_0115.jpg,0.1787
WIN_20260729_15_11_34_Pro_0116.jpg,0.1653
WIN_20260729_15_11_34_Pro_0117.jpg,0.1736
WIN_20260729_15_11_34_Pro_0118.jpg,0.1701
WIN_20260729_15_11_34_Pro_0119.jpg,0.1577
WIN_20260729_15_11_34_Pro_0120.jpg,0.1612
WIN_20260729_15_11_34_Pro_0121.jpg,0.1618
WIN_20260729_15_11_34_Pro_0122.jpg,0.1581
WIN_20260729_15_11_34_Pro_0123.jpg,0.1431
WIN_20260729_15_11_34_Pro_0124.jpg,0.1441
WIN_20260729_15_11_34_Pro_0125.jpg,0.1311
WIN_20260729_15_11_34_Pro_0126.jpg,0.1391
WIN_20260729_15_11_34_Pro_0127.jpg,0.1308
WIN_20260729_15_11_34_Pro_0128.jpg,0.1188
WIN_20260729_15_11_34_Pro_0129.jpg,0.1232
WIN_20260729_15_11_34_Pro_0130.jpg,0.1177
WIN_20260729_15_11_34_Pro_0131.jpg,0.1054
WIN_20260729_15_11_34_Pro_0132.jpg,0.1012
WIN_20260729_15_11_34_Pro_0133.jpg,0.0971
WIN_20260729_15_11_34_Pro_0134.jpg,0.0934
WIN_20260729_15_11_34_Pro_0135.jpg,0.0943
WIN_20260729_15_11_34_Pro_0136.jpg,0.0870
WIN_20260729_15_11_34_Pro_0137.jpg,0.0825
WIN_20260729_15_11_34_Pro_0138.jpg,0.0812
WIN_20260729_15_11_34_Pro_0139.jpg,0.0726
WIN_20260729_15_11_34_Pro_0140.jpg,0.0653
WIN_20260729_15_11_34_Pro_0141.jpg,0.0670
WIN_20260729_15_11_34_Pro_0142.jpg,0.0662
WIN_20260729_15_11_34_Pro_0143.jpg,0.0664
WIN_20260729_15_11_34_Pro_0144.jpg,0.0633
WIN_20260729_15_11_34_Pro_0145.jpg,0.0640
WIN_20260729_15_11_34_Pro_0146.jpg,0.0583
WIN_20260729_15_11_34_Pro_0147.jpg,0.0526
WIN_20260729_15_11_34_Pro_0148.jpg,0.0501
WIN_20260729_15_11_34_Pro_0149.jpg,0.0490
WIN_20260729_15_11_34_Pro_0150.jpg,0.0494
WIN_20260729_15_11_34_Pro_0151.jpg,0.0436
WIN_20260729_15_11_34_Pro_0152.jpg,0.0516
WIN_20260729_15_11_34_Pro_0153.jpg,0.0475
WIN_20260729_15_11_34_Pro_0154.jpg,0.0449
WIN_20260729_15_11_34_Pro_0155.jpg,0.0415
WIN_20260729_15_11_34_Pro_0156.jpg,0.0412
WIN_20260729_15_11_34_Pro_0157.jpg,0.0414
WIN_20260729_15_11_34_Pro_0158.jpg,0.0458
WIN_20260729_15_11_34_Pro_0159.jpg,0.0394
WIN_20260729_15_11_34_Pro_0160.jpg,0.0359
WIN_20260729_15_11_34_Pro_0161.jpg,0.0371
WIN_20260729_15_11_34_Pro_0162.jpg,0.0322
WIN_20260729_15_11_34_Pro_0163.jpg,0.0349
WIN_20260729_15_11_34_Pro_0164.jpg,0.0316
WIN_20260729_15_11_34_Pro_0165.jpg,0.0319
WIN_20260729_15_11_34_Pro_0166.jpg,0.0370
WIN_20260729_15_11_34_Pro_0167.jpg,0.0499
WIN_20260729_15_11_34_Pro_0168.jpg,0.0559
WIN_20260729_15_11_34_Pro_0169.jpg,0.0650
WIN_20260729_15_11_34_Pro_0170.jpg,0.0774
WIN_20260729_15_11_34_Pro_0171.jpg,0.0742
WIN_20260729_15_11_34_Pro_0172.jpg,0.0811
WIN_20260729_15_11_34_Pro_0173.jpg,0.0753
WIN_20260729_15_11_34_Pro_0174.jpg,0.0706
WIN_20260729_15_11_34_Pro_0175.jpg,0.0569
WIN_20260729_15_11_34_Pro_0176.jpg,0.0398
WIN_20260729_15_11_34_Pro_0177.jpg,0.0234
WIN_20260729_15_11_34_Pro_0178.jpg,0.0125
WIN_20260729_15_11_34_Pro_0179.jpg,0.0023
WIN_20260729_15_11_34_Pro_0180.jpg,0.0030
WIN_20260729_15_11_34_Pro_0181.jpg,0.0000
WIN_20260729_15_11_34_Pro_0182.jpg,0.0026
WIN_20260729_15_11_34_Pro_0183.jpg,0.0002
WIN_20260729_15_11_34_Pro_0184.jpg,0.0081
WIN_20260729_15_11_34_Pro_0185.jpg,0.0103
WIN_20260729_15_11_34_Pro_0186.jpg,0.0156
WIN_20260729_15_11_34_Pro_0187.jpg,0.0249
WIN_20260729_15_11_34_Pro_0188.jpg,0.0243
WIN_20260729_15_11_34_Pro_0189.jpg,0.0255
WIN_20260729_15_11_34_Pro_0190.jpg,0.0226
WIN_20260729_15_11_34_Pro_0191.jpg,0.0221
WIN_20260729_15_11_34_Pro_0192.jpg,0.0278
WIN_20260729_15_11_34_Pro_0193.jpg,0.0287
WIN_20260729_15_11_34_Pro_0194.jpg,0.0360
WIN_20260729_15_11_34_Pro_0195.jpg,0.0445
WIN_20260729_15_11_34_Pro_0196.jpg,0.0568
WIN_20260729_15_11_34_Pro_0197.jpg,0.0672
WIN_20260729_15_11_34_Pro_0198.jpg,0.0748
WIN_20260729_15_11_34_Pro_0199.jpg,0.0803
WIN_20260729_15_11_34_Pro_0200.jpg,0.0871
WIN_20260729_15_11_34_Pro_0201.jpg,0.0886
WIN_20260729_15_11_34_Pro_0202.jpg,0.0946
WIN_20260729_15_11_34_Pro_0203.jpg,0.0890
WIN_20260729_15_11_34_Pro_0204.jpg,0.0889
WIN_20260729_15_11_34_Pro_0205.jpg,0.0806
WIN_20260729_15_11_34_Pro_0206.jpg,0.0546
WIN_20260729_15_11_34_Pro_0207.jpg,0.0486
WIN_20260729_15_11_34_Pro_0208.jpg,0.0365
WIN_20260729_15_11_34_Pro_0209.jpg,0.0263
WIN_20260729_15_11_34_Pro_0210.jpg,0.0243
WIN_20260729_15_11_34_Pro_0211.jpg,0.0172
WIN_20260729_15_11_34_Pro_0212.jpg,0.0242
WIN_20260729_15_11_34_Pro_0213.jpg,0.0223
WIN_20260729_15_11_34_Pro_0214.jpg,0.0246
WIN_20260729_15_11_34_Pro_0215.jpg,0.0220
WIN_20260729_15_11_34_Pro_0216.jpg,0.0280
WIN_20260729_15_11_34_Pro_0217.jpg,0.0253
WIN_20260729_15_11_34_Pro_0218.jpg,0.0260
WIN_20260729_15_11_34_Pro_0219.jpg,0.0272
WIN_20260729_15_11_34_Pro_0220.jpg,0.0441
WIN_20260729_15_11_34_Pro_0221.jpg,0.0609
WIN_20260729_15_11_34_Pro_0222.jpg,0.0854
WIN_20260729_15_11_34_Pro_0223.jpg,0.0881
WIN_20260729_15_11_34_Pro_0224.jpg,0.1036
WIN_20260729_15_11_34_Pro_0225.jpg,0.1102
WIN_20260729_15_11_34_Pro_0226.jpg,0.1263
WIN_20260729_15_11_34_Pro_0227.jpg,0.1311
WIN_20260729_15_11_34_Pro_0228.jpg,0.1404
WIN_20260729_15_11_34_Pro_0229.jpg,0.1562
WIN_20260729_15_11_34_Pro_0230.jpg,0.1623
WIN_20260729_15_11_34_Pro_0231.jpg,0.1620
WIN_20260729_15_11_34_Pro_0232.jpg,0.1762
WIN_20260729_15_11_34_Pro_0233.jpg,0.1900
WIN_20260729_15_11_34_Pro_0234.jpg,0.1954
WIN_20260729_15_11_34_Pro_0235.jpg,0.2175
WIN_20260729_15_11_34_Pro_0236.jpg,0.2303
WIN_20260729_15_11_34_Pro_0237.jpg,0.2700
WIN_20260729_15_11_34_Pro_0238.jpg,0.2790
WIN_20260729_15_11_34_Pro_0239.jpg,0.2888
WIN_20260729_15_11_34_Pro_0240.jpg,0.3067
WIN_20260729_15_11_34_Pro_0241.jpg,0.3243
WIN_20260729_15_11_34_Pro_0242.jpg,0.3583
WIN_20260729_15_11_34_Pro_0243.jpg,0.3684
WIN_20260729_15_11_34_Pro_0244.jpg,0.3629
WIN_20260729_15_11_34_Pro_0245.jpg,0.3262
WIN_20260729_15_11_34_Pro_0246.jpg,0.3294
WIN_20260729_15_11_34_Pro_0247.jpg,0.3220
WIN_20260729_15_11_34_Pro_0248.jpg,0.3418
WIN_20260729_15_11_34_Pro_0249.jpg,0.3417
WIN_20260729_15_11_34_Pro_0250.jpg,0.3842
WIN_20260729_15_11_34_Pro_0251.jpg,0.3968
WIN_20260729_15_11_34_Pro_0252.jpg,0.4204
WIN_20260729_15_11_34_Pro_0253.jpg,0.4313
WIN_20260729_15_11_34_Pro_0254.jpg,0.4276
WIN_20260729_15_11_34_Pro_0255.jpg,0.4560
WIN_20260729_15_11_34_Pro_0256.jpg,0.4767
WIN_20260729_15_11_34_Pro_0257.jpg,0.4752
WIN_20260729_15_11_34_Pro_0258.jpg,0.5029
WIN_20260729_15_11_34_Pro_0259.jpg,0.5165
WIN_20260729_15_11_34_Pro_0260.jpg,0.5287
WIN_20260729_15_11_34_Pro_0261.jpg,0.5133
WIN_20260729_15_11_34_Pro_0262.jpg,0.5390
WIN_20260729_15_11_34_Pro_0263.jpg,0.5319
WIN_20260729_15_11_34_Pro_0264.jpg,0.5388
WIN_20260729_15_11_34_Pro_0265.jpg,0.5375
WIN_20260729_15_11_34_Pro_0266.jpg,0.5395
WIN_20260729_15_11_34_Pro_0267.jpg,0.5266
WIN_20260729_15_11_34_Pro_0268.jpg,0.5328
WIN_20260729_15_11_34_Pro_0269.jpg,0.5385
WIN_20260729_15_11_34_Pro_0270.jpg,0.5610
WIN_20260729_15_11_34_Pro_0271.jpg,0.6012
WIN_20260729_15_11_34_Pro_0272.jpg,0.6113
WIN_20260729_15_11_34_Pro_0273.jpg,0.6106
WIN_20260729_15_11_34_Pro_0274.jpg,0.5865
WIN_20260729_15_11_34_Pro_0275.jpg,0.5790
WIN_20260729_15_11_34_Pro_0276.jpg,0.5828
WIN_20260729_15_11_34_Pro_0277.jpg,0.5999
WIN_20260729_15_11_34_Pro_0278.jpg,0.5903
WIN_20260729_15_11_34_Pro_0279.jpg,0.6087
WIN_20260729_15_11_34_Pro_0280.jpg,0.6107
WIN_20260729_15_11_34_Pro_0281.jpg,0.5934
WIN_20260729_15_11_34_Pro_0282.jpg,0.6175
WIN_20260729_15_11_34_Pro_0283.jpg,0.6329
WIN_20260729_15_11_34_Pro_0284.jpg,0.6422
WIN_20260729_15_11_34_Pro_0285.jpg,0.6747
WIN_20260729_15_11_34_Pro_0286.jpg,0.6999
WIN_20260729_15_11_34_Pro_0287.jpg,0.7153
WIN_20260729_15_11_34_Pro_0288.jpg,0.7201
WIN_20260729_15_11_34_Pro_0289.jpg,0.7309
WIN_20260729_15_11_34_Pro_0290.jpg,0.7296
WIN_20260729_15_11_34_Pro_0291.jpg,0.7332
WIN_20260729_15_11_34_Pro_0292.jpg,0.7452
WIN_20260729_15_11_34_Pro_0293.jpg,0.7510
WIN_20260729_15_11_34_Pro_0294.jpg,0.7485
WIN_20260729_15_11_34_Pro_0295.jpg,0.7585
WIN_20260729_15_11_34_Pro_0296.jpg,0.7647
WIN_20260729_15_11_34_Pro_0297.jpg,0.7816
WIN_20260729_15_11_34_Pro_0298.jpg,0.7890
WIN_20260729_15_11_34_Pro_0299.jpg,0.7849
WIN_20260729_15_11_34_Pro_0300.jpg,0.7911
WIN_20260729_15_11_34_Pro_0301.jpg,0.8001
WIN_20260729_15_11_34_Pro_0302.jpg,0.8144
WIN_20260729_15_11_34_Pro_0303.jpg,0.8084
WIN_20260729_15_11_34_Pro_0304.jpg,0.8235
WIN_20260729_15_11_34_Pro_0305.jpg,0.8355
WIN_20260729_15_11_34_Pro_0306.jpg,0.8548
WIN_20260729_15_11_34_Pro_0307.jpg,0.8482
WIN_20260729_15_11_34_Pro_0308.jpg,0.8659
WIN_20260729_15_11_34_Pro_0309.jpg,0.8841
WIN_20260729_15_11_34_Pro_0310.jpg,0.8874
WIN_20260729_15_11_34_Pro_0311.jpg,0.8957
WIN_20260729_15_11_34_Pro_0312.jpg,0.8946
WIN_20260729_15_11_34_Pro_0313.jpg,0.8939
WIN_20260729_15_11_34_Pro_0314.jpg,0.8936
WIN_20260729_15_11_34_Pro_0315.jpg,0.8830
WIN_20260729_15_11_34_Pro_0316.jpg,0.8912
WIN_20260729_15_11_34_Pro_0317.jpg,0.9003
WIN_20260729_15_11_34_Pro_0318.jpg,0.9029
WIN_20260729_15_11_34_Pro_0319.jpg,0.8992
WIN_20260729_15_11_34_Pro_0320.jpg,0.8937
WIN_20260729_15_11_34_Pro_0321.jpg,0.8946
WIN_20260729_15_11_34_Pro_0322.jpg,0.8960
WIN_20260729_15_11_34_Pro_0323.jpg,0.8961
WIN_20260729_15_11_34_Pro_0324.jpg,0.9001
WIN_20260729_15_11_34_Pro_0325.jpg,0.9069
WIN_20260729_15_11_34_Pro_0326.jpg,0.9177
WIN_20260729_15_11_34_Pro_0327.jpg,0.9182
WIN_20260729_15_11_34_Pro_0328.jpg,0.9144
WIN_20260729_15_11_34_Pro_0329.jpg,0.9101
WIN_20260729_15_11_34_Pro_0330.jpg,0.9096
WIN_20260729_15_11_34_Pro_0331.jpg,0.9079
WIN_20260729_15_11_34_Pro_0332.jpg,0.9079
WIN_20260729_15_11_34_Pro_0333.jpg,0.9047
WIN_20260729_15_11_34_Pro_0334.jpg,0.9109
WIN_20260729_15_11_34_Pro_0335.jpg,0.9149
WIN_20260729_15_11_34_Pro_0336.jpg,0.9212
WIN_20260729_15_11_34_Pro_0337.jpg,0.9248
WIN_20260729_15_11_34_Pro_0338.jpg,0.9247
WIN_20260729_15_11_34_Pro_0339.jpg,0.9293
WIN_20260729_15_11_34_Pro_0340.jpg,0.9316
WIN_20260729_15_11_34_Pro_0341.jpg,0.9323
WIN_20260729_15_11_34_Pro_0342.jpg,0.9323
WIN_20260729_15_11_34_Pro_0343.jpg,0.9313
WIN_20260729_15_11_34_Pro_0344.jpg,0.9339
WIN_20260729_15_11_34_Pro_0345.jpg,0.9326
WIN_20260729_15_11_34_Pro_0346.jpg,0.9355
WIN_20260729_15_11_34_Pro_0347.jpg,0.9392
WIN_20260729_15_11_34_Pro_0348.jpg,0.9410
WIN_20260729_15_11_34_Pro_0349.jpg,0.9411
WIN_20260729_15_11_34_Pro_0350.jpg,0.9458
WIN_20260729_15_11_34_Pro_0351.jpg,0.9499
WIN_20260729_15_11_34_Pro_0352.jpg,0.9550
WIN_20260729_15_11_34_Pro_0353.jpg,0.9611
WIN_20260729_15_11_34_Pro_0354.jpg,0.9619
WIN_20260729_15_11_34_Pro_0355.jpg,0.9592
WIN_20260729_15_11_34_Pro_0356.jpg,0.9595
WIN_20260729_15_11_34_Pro_0357.jpg,0.9629
WIN_20260729_15_11_34_Pro_0358.jpg,0.9647
WIN_20260729_15_11_34_Pro_0359.jpg,0.9612
WIN_20260729_15_11_34_Pro_0360.jpg,0.9620
WIN_20260729_15_11_34_Pro_0361.jpg,0.9647
WIN_20260729_15_11_34_Pro_0362.jpg,0.9736
WIN_20260729_15_11_34_Pro_0363.jpg,0.9802
WIN_20260729_15_11_34_Pro_0364.jpg,0.9773
WIN_20260729_15_11_34_Pro_0365.jpg,0.9745
WIN_20260729_15_11_34_Pro_0366.jpg,0.9729
WIN_20260729_15_11_34_Pro_0367.jpg,0.9741
WIN_20260729_15_11_34_Pro_0368.jpg,0.9707
WIN_20260729_15_11_34_Pro_0369.jpg,0.9701
WIN_20260729_15_11_34_Pro_0370.jpg,0.9671
WIN_20260729_15_11_34_Pro_0371.jpg,0.9585
WIN_20260729_15_11_34_Pro_0372.jpg,0.9498
WIN_20260729_15_11_34_Pro_0373.jpg,0.9431
WIN_20260729_15_11_34_Pro_0374.jpg,0.9393
WIN_20260729_15_11_34_Pro_0375.jpg,0.9363
WIN_20260729_15_11_34_Pro_0376.jpg,0.9331
WIN_20260729_15_11_34_Pro_0377.jpg,0.9334
WIN_20260729_15_11_34_Pro_0378.jpg,0.9399
WIN_20260729_15_11_34_Pro_0379.jpg,0.9525
WIN_20260729_15_11_34_Pro_0380.jpg,0.9686
WIN_20260729_15_11_34_Pro_0381.jpg,0.9756
WIN_20260729_15_11_34_Pro_0382.jpg,0.9755
WIN_20260729_15_11_34_Pro_0383.jpg,0.9759
WIN_20260729_15_11_34_Pro_0384.jpg,0.9736
WIN_20260729_15_11_34_Pro_0385.jpg,0.9746
WIN_20260729_15_11_34_Pro_0386.jpg,0.9729
WIN_20260729_15_11_34_Pro_0387.jpg,0.9649
WIN_20260729_15_11_34_Pro_0388.jpg,0.9438
WIN_20260729_15_11_34_Pro_0389.jpg,0.9225
WIN_20260729_15_11_34_Pro_0390.jpg,0.9223
WIN_20260729_15_11_34_Pro_0391.jpg,0.9070
WIN_20260729_15_11_34_Pro_0392.jpg,0.9022
WIN_20260729_15_11_34_Pro_0393.jpg,0.8922
WIN_20260729_15_11_34_Pro_0394.jpg,0.9056
WIN_20260729_15_11_34_Pro_0395.jpg,0.9217
WIN_20260729_15_11_34_Pro_0396.jpg,0.9470
WIN_20260729_15_11_34_Pro_0397.jpg,0.9535
WIN_20260729_15_11_34_Pro_0398.jpg,0.9732
WIN_20260729_15_11_34_Pro_0399.jpg,0.9744
WIN_20260729_15_11_34_Pro_0400.jpg,0.9765
WIN_20260729_15_11_34_Pro_0401.jpg,0.9748
WIN_20260729_15_11_34_Pro_0402.jpg,0.9777
WIN_20260729_15_11_34_Pro_0403.jpg,0.9815
WIN_20260729_15_11_34_Pro_0404.jpg,0.9779
WIN_20260729_15_11_34_Pro_0405.jpg,0.9761
WIN_20260729_15_11_34_Pro_0406.jpg,0.9741
WIN_20260729_15_11_34_Pro_0407.jpg,0.9713
WIN_20260729_15_11_34_Pro_0408.jpg,0.9660
WIN_20260729_15_11_34_Pro_0409.jpg,0.9562
WIN_20260729_15_11_34_Pro_0410.jpg,0.9377
WIN_20260729_15_11_34_Pro_0411.jpg,0.9204
WIN_20260729_15_11_34_Pro_0412.jpg,0.9126
WIN_20260729_15_11_34_Pro_0413.jpg,0.9152
WIN_20260729_15_11_34_Pro_0414.jpg,0.9171
WIN_20260729_15_11_34_Pro_0415.jpg,0.9362
WIN_20260729_15_11_34_Pro_0416.jpg,0.9502
WIN_20260729_15_11_34_Pro_0417.jpg,0.9677
WIN_20260729_15_11_34_Pro_0418.jpg,0.9703
WIN_20260729_15_11_34_Pro_0419.jpg,0.9819
WIN_20260729_15_11_34_Pro_0420.jpg,0.9799
WIN_20260729_15_11_34_Pro_0421.jpg,0.9812
WIN_20260729_15_11_34_Pro_0422.jpg,0.9774
WIN_20260729_15_11_34_Pro_0423.jpg,0.9783
WIN_20260729_15_11_34_Pro_0424.jpg,0.9742
WIN_20260729_15_11_34_Pro_0425.jpg,0.9727
WIN_20260729_15_11_34_Pro_0426.jpg,0.9722
WIN_20260729_15_11_34_Pro_0427.jpg,0.9705
WIN_20260729_15_11_34_Pro_0428.jpg,0.9644
WIN_20260729_15_11_34_Pro_0429.jpg,0.9508
WIN_20260729_15_11_34_Pro_0430.jpg,0.9402
WIN_20260729_15_11_34_Pro_0431.jpg,0.9371
WIN_20260729_15_11_34_Pro_0432.jpg,0.9178
WIN_20260729_15_11_34_Pro_0433.jpg,0.9009
WIN_20260729_15_11_34_Pro_0434.jpg,0.8979
WIN_20260729_15_11_34_Pro_0435.jpg,0.8860
WIN_20260729_15_11_34_Pro_0436.jpg,0.8756
WIN_20260729_15_11_34_Pro_0437.jpg,0.8726
WIN_20260729_15_11_34_Pro_0438.jpg,0.8632
WIN_20260729_15_11_34_Pro_0439.jpg,0.8442
WIN_20260729_15_11_34_Pro_0440.jpg,0.8238
WIN_20260729_15_11_34_Pro_0441.jpg,0.8267
WIN_20260729_15_11_34_Pro_0442.jpg,0.8082
WIN_20260729_15_11_34_Pro_0443.jpg,0.7781
WIN_20260729_15_11_34_Pro_0444.jpg,0.7676
WIN_20260729_15_11_34_Pro_0445.jpg,0.7432
WIN_20260729_15_11_34_Pro_0446.jpg,0.7261
WIN_20260729_15_11_34_Pro_0447.jpg,0.7277
WIN_20260729_15_11_34_Pro_0448.jpg,0.7232
WIN_20260729_15_11_34_Pro_0449.jpg,0.7124
WIN_20260729_15_11_34_Pro_0450.jpg,0.6905
WIN_20260729_15_11_34_Pro_0451.jpg,0.6712
WIN_20260729_15_11_34_Pro_0452.jpg,0.6588
WIN_20260729_15_11_34_Pro_0453.jpg,0.6246
WIN_20260729_15_11_34_Pro_0454.jpg,0.6359
WIN_20260729_15_11_34_Pro_0455.jpg,0.6069
WIN_20260729_15_11_34_Pro_0456.jpg,0.6080
WIN_20260729_15_11_34_Pro_0457.jpg,0.5965
WIN_20260729_15_11_34_Pro_0458.jpg,0.6099
WIN_20260729_15_11_34_Pro_0459.jpg,0.6091
WIN_20260729_15_11_34_Pro_0460.jpg,0.5843
WIN_20260729_15_11_34_Pro_0461.jpg,0.5620
WIN_20260729_15_11_34_Pro_0462.jpg,0.5679
WIN_20260729_15_11_34_Pro_0463.jpg,0.5526
WIN_20260729_15_11_34_Pro_0464.jpg,0.5233
WIN_20260729_15_11_34_Pro_0465.jpg,0.4713
WIN_20260729_15_11_34_Pro_0466.jpg,0.4381
WIN_20260729_15_11_34_Pro_0467.jpg,0.4381
WIN_20260729_15_11_34_Pro_0468.jpg,0.4197
WIN_20260729_15_11_34_Pro_0469.jpg,0.3977
WIN_20260729_15_11_34_Pro_0470.jpg,0.3641
WIN_20260729_15_11_34_Pro_0471.jpg,0.3555
WIN_20260729_15_11_34_Pro_0472.jpg,0.3340
WIN_20260729_15_11_34_Pro_0473.jpg,0.3103
WIN_20260729_15_11_34_Pro_0474.jpg,0.2677
WIN_20260729_15_11_34_Pro_0475.jpg,0.2493
WIN_20260729_15_11_34_Pro_0476.jpg,0.2262
WIN_20260729_15_11_34_Pro_0477.jpg,0.2095
WIN_20260729_15_11_34_Pro_0478.jpg,0.1803
WIN_20260729_15_11_34_Pro_0479.jpg,0.1667
WIN_20260729_15_11_34_Pro_0480.jpg,0.1592
WIN_20260729_15_11_34_Pro_0481.jpg,0.1444
WIN_20260729_15_11_34_Pro_0482.jpg,0.1207
WIN_20260729_15_11_34_Pro_0483.jpg,0.1103
WIN_20260729_15_11_34_Pro_0484.jpg,0.0984
WIN_20260729_15_11_34_Pro_0485.jpg,0.0857
WIN_20260729_15_11_34_Pro_0486.jpg,0.0813
WIN_20260729_15_11_34_Pro_0487.jpg,0.0701
WIN_20260729_15_11_34_Pro_0488.jpg,0.0680
WIN_20260729_15_11_34_Pro_0489.jpg,0.0587
WIN_20260729_15_11_34_Pro_0490.jpg,0.0653
WIN_20260729_15_11_34_Pro_0491.jpg,0.0532
WIN_20260729_15_11_34_Pro_0492.jpg,0.0436
WIN_20260729_15_11_34_Pro_0493.jpg,0.0473
WIN_20260729_15_11_34_Pro_0494.jpg,0.0369
WIN_20260729_15_11_34_Pro_0495.jpg,0.0449
WIN_20260729_15_11_34_Pro_0496.jpg,0.0370
WIN_20260729_15_11_34_Pro_0497.jpg,0.0362
WIN_20260729_15_11_34_Pro_0498.jpg,0.0373
WIN_20260729_15_11_34_Pro_0499.jpg,0.0333
WIN_20260729_15_11_34_Pro_0500.jpg,0.0326
WIN_20260729_15_11_34_Pro_0501.jpg,0.0322
WIN_20260729_15_11_34_Pro_0502.jpg,0.0344
WIN_20260729_15_11_34_Pro_0503.jpg,0.0358
WIN_20260729_15_11_34_Pro_0504.jpg,0.0296
WIN_20260729_15_11_34_Pro_0505.jpg,0.0406
WIN_20260729_15_11_34_Pro_0506.jpg,0.0335
WIN_20260729_15_11_34_Pro_0507.jpg,0.0368
WIN_20260729_15_11_34_Pro_0508.jpg,0.0370
WIN_20260729_15_11_34_Pro_0509.jpg,0.0419
WIN_20260729_15_11_34_Pro_0510.jpg,0.0469
WIN_20260729_15_11_34_Pro_0511.jpg,0.0487
WIN_20260729_15_11_34_Pro_0512.jpg,0.0535
WIN_20260729_15_11_34_Pro_0513.jpg,0.0623
WIN_20260729_15_11_34_Pro_0514.jpg,0.0770
WIN_20260729_15_11_34_Pro_0515.jpg,0.0842
WIN_20260729_15_11_34_Pro_0516.jpg,0.0900
WIN_20260729_15_11_34_Pro_0517.jpg,0.0973
WIN_20260729_15_11_34_Pro_0518.jpg,0.1051
WIN_20260729_15_11_34_Pro_0519.jpg,0.1312
WIN_20260729_15_11_34_Pro_0520.jpg,0.1515
WIN_20260729_15_11_34_Pro_0521.jpg,0.1581
WIN_20260729_15_11_34_Pro_0522.jpg,0.1704
WIN_20260729_15_11_34_Pro_0523.jpg,0.1961
WIN_20260729_15_11_34_Pro_0524.jpg,0.2001
WIN_20260729_15_11_34_Pro_0525.jpg,0.2200
WIN_20260729_15_11_34_Pro_0526.jpg,0.2511
WIN_20260729_15_11_34_Pro_0527.jpg,0.2785
WIN_20260729_15_11_34_Pro_0528.jpg,0.3307
WIN_20260729_15_11_34_Pro_0529.jpg,0.3551
WIN_20260729_15_11_34_Pro_0530.jpg,0.3833
WIN_20260729_15_11_34_Pro_0531.jpg,0.4069
WIN_20260729_15_11_34_Pro_0532.jpg,0.4348
WIN_20260729_15_11_34_Pro_0533.jpg,0.4434
WIN_20260729_15_11_34_Pro_0534.jpg,0.4746
WIN_20260729_15_11_34_Pro_0535.jpg,0.5228
WIN_20260729_15_11_34_Pro_0536.jpg,0.5185
WIN_20260729_15_11_34_Pro_0537.jpg,0.5434
WIN_20260729_15_11_34_Pro_0538.jpg,0.5630
WIN_20260729_15_11_34_Pro_0539.jpg,0.5766
WIN_20260729_15_11_34_Pro_0540.jpg,0.6435
WIN_20260729_15_11_34_Pro_0541.jpg,0.6398
WIN_20260729_15_11_34_Pro_0542.jpg,0.6527
WIN_20260729_15_11_34_Pro_0543.jpg,0.6775
WIN_20260729_15_11_34_Pro_0544.jpg,0.7132
WIN_20260729_15_11_34_Pro_0545.jpg,0.7330
WIN_20260729_15_11_34_Pro_0546.jpg,0.7483
WIN_20260729_15_11_34_Pro_0547.jpg,0.7577
WIN_20260729_15_11_34_Pro_0548.jpg,0.7695
WIN_20260729_15_11_34_Pro_0549.jpg,0.7820
WIN_20260729_15_11_34_Pro_0550.jpg,0.8116
WIN_20260729_15_11_34_Pro_0551.jpg,0.8082
WIN_20260729_15_11_34_Pro_0552.jpg,0.8055
WIN_20260729_15_11_34_Pro_0553.jpg,0.8354
WIN_20260729_15_11_34_Pro_0554.jpg,0.8508
WIN_20260729_15_11_34_Pro_0555.jpg,0.8626
WIN_20260729_15_11_34_Pro_0556.jpg,0.8830
WIN_20260729_15_11_34_Pro_0557.jpg,0.8911
WIN_20260729_15_11_34_Pro_0558.jpg,0.9039
WIN_20260729_15_11_34_Pro_0559.jpg,0.9130
WIN_20260729_15_11_34_Pro_0560.jpg,0.9140
WIN_20260729_15_11_34_Pro_0561.jpg,0.9142
WIN_20260729_15_11_34_Pro_0562.jpg,0.9158
WIN_20260729_15_11_34_Pro_0563.jpg,0.9159
WIN_20260729_15_11_34_Pro_0564.jpg,0.9308
WIN_20260729_15_11_34_Pro_0565.jpg,0.9305
WIN_20260729_15_11_34_Pro_0566.jpg,0.9225
WIN_20260729_15_11_34_Pro_0567.jpg,0.9135
WIN_20260729_15_11_34_Pro_0568.jpg,0.9033
WIN_20260729_15_11_34_Pro_0569.jpg,0.9055
WIN_20260729_15_11_34_Pro_0570.jpg,0.9073
WIN_20260729_15_11_34_Pro_0571.jpg,0.9103
WIN_20260729_15_11_34_Pro_0572.jpg,0.9196
WIN_20260729_15_11_34_Pro_0573.jpg,0.9234
WIN_20260729_15_11_34_Pro_0574.jpg,0.9282
WIN_20260729_15_11_34_Pro_0575.jpg,0.9250
WIN_20260729_15_11_34_Pro_0576.jpg,0.9235
WIN_20260729_15_11_34_Pro_0577.jpg,0.9253
WIN_20260729_15_11_34_Pro_0578.jpg,0.9261
WIN_20260729_15_11_34_Pro_0579.jpg,0.9239
WIN_20260729_15_11_34_Pro_0580.jpg,0.9202
WIN_20260729_15_11_34_Pro_0581.jpg,0.9388
WIN_20260729_15_11_34_Pro_0582.jpg,0.9502
WIN_20260729_15_11_34_Pro_0583.jpg,0.9567
WIN_20260729_15_11_34_Pro_0584.jpg,0.9621
WIN_20260729_15_11_34_Pro_0585.jpg,0.9665
WIN_20260729_15_11_34_Pro_0586.jpg,0.9679
WIN_20260729_15_11_34_Pro_0587.jpg,0.9721
WIN_20260729_15_11_34_Pro_0588.jpg,0.9729
WIN_20260729_15_11_34_Pro_0589.jpg,0.9784
WIN_20260729_15_11_34_Pro_0590.jpg,0.9728
WIN_20260729_15_11_34_Pro_0591.jpg,0.9775
WIN_20260729_15_11_34_Pro_0592.jpg,0.9758
WIN_20260729_15_11_34_Pro_0593.jpg,0.9752
WIN_20260729_15_11_34_Pro_0594.jpg,0.9795
WIN_20260729_15_11_34_Pro_0595.jpg,0.9782
WIN_20260729_15_11_34_Pro_0596.jpg,0.9772
WIN_20260729_15_11_34_Pro_0597.jpg,0.9786
WIN_20260729_15_11_34_Pro_0598.jpg,0.9742
WIN_20260729_15_11_34_Pro_0599.jpg,0.9746
WIN_20260729_15_11_34_Pro_0600.jpg,0.9790
WIN_20260729_15_11_34_Pro_0601.jpg,0.9781
WIN_20260729_15_11_34_Pro_0602.jpg,0.9858
WIN_20260729_15_11_34_Pro_0603.jpg,0.9948
WIN_20260729_15_11_34_Pro_0604.jpg,0.9873
WIN_20260729_15_11_34_Pro_0606.jpg,0.9243
WIN_20260730_09_28_56_Pro_0000.jpg,1.0000
WIN_20260730_09_28_56_Pro_0001.jpg,1.0000
WIN_20260730_09_28_56_Pro_0002.jpg,1.0000
WIN_20260730_09_28_56_Pro_0003.jpg,1.0000
WIN_20260730_09_28_56_Pro_0004.jpg,1.0000
WIN_20260730_09_28_56_Pro_0005.jpg,1.0000
WIN_20260730_09_28_56_Pro_0006.jpg,1.0000
WIN_20260730_09_28_56_Pro_0007.jpg,1.0000
WIN_20260730_09_28_56_Pro_0008.jpg,1.0000
WIN_20260730_09_28_56_Pro_0009.jpg,1.0000
WIN_20260730_09_28_56_Pro_0010.jpg,1.0000
WIN_20260730_09_28_56_Pro_0011.jpg,1.0000
WIN_20260730_09_28_56_Pro_0012.jpg,0.9971
WIN_20260730_09_28_56_Pro_0013.jpg,1.0000
WIN_20260730_09_28_56_Pro_0014.jpg,1.0000
WIN_20260730_09_28_56_Pro_0015.jpg,0.9932
WIN_20260730_09_28_56_Pro_0016.jpg,0.9906
WIN_20260730_09_28_56_Pro_0017.jpg,0.9942
WIN_20260730_09_28_56_Pro_0018.jpg,0.9948
WIN_20260730_09_28_56_Pro_0019.jpg,0.9919
WIN_20260730_09_28_56_Pro_0020.jpg,0.9856
WIN_20260730_09_28_56_Pro_0021.jpg,0.9871
WIN_20260730_09_28_56_Pro_0022.jpg,0.9869
WIN_20260730_09_28_56_Pro_0023.jpg,0.9740
WIN_20260730_09_28_56_Pro_0024.jpg,0.9735
WIN_20260730_09_28_56_Pro_0025.jpg,0.9730
WIN_20260730_09_28_56_Pro_0026.jpg,0.9826
WIN_20260730_09_28_56_Pro_0027.jpg,1.0000
WIN_20260730_09_28_56_Pro_0028.jpg,1.0000
WIN_20260730_09_28_56_Pro_0029.jpg,1.0000
WIN_20260730_09_28_56_Pro_0030.jpg,1.0000
WIN_20260730_09_28_56_Pro_0031.jpg,1.0000
WIN_20260730_09_28_56_Pro_0032.jpg,1.0000
WIN_20260730_09_28_56_Pro_0033.jpg,1.0000
WIN_20260730_09_28_56_Pro_0034.jpg,1.0000
WIN_20260730_09_28_56_Pro_0035.jpg,1.0000
WIN_20260730_09_28_56_Pro_0036.jpg,1.0000
WIN_20260730_09_28_56_Pro_0037.jpg,1.0000
WIN_20260730_09_28_56_Pro_0038.jpg,1.0000
WIN_20260730_09_28_56_Pro_0040.jpg,1.0000
WIN_20260730_09_28_56_Pro_0041.jpg,1.0000
WIN_20260730_09_28_56_Pro_0042.jpg,1.0000
WIN_20260730_09_28_56_Pro_0043.jpg,1.0000
WIN_20260730_09_28_56_Pro_0044.jpg,1.0000
WIN_20260730_09_28_56_Pro_0045.jpg,1.0000
WIN_20260730_09_28_56_Pro_0046.jpg,1.0000
WIN_20260730_09_28_56_Pro_0048.jpg,1.0000
WIN_20260730_09_28_56_Pro_0049.jpg,1.0000
WIN_20260730_09_28_56_Pro_0050.jpg,1.0000
WIN_20260730_09_28_56_Pro_0058.jpg,1.0000
WIN_20260730_09_28_56_Pro_0059.jpg,1.0000
WIN_20260730_09_28_56_Pro_0060.jpg,1.0000
WIN_20260730_09_28_56_Pro_0061.jpg,1.0000
WIN_20260730_09_28_56_Pro_0062.jpg,0.9987
WIN_20260730_09_28_56_Pro_0066.jpg,1.0000
WIN_20260730_09_28_56_Pro_0067.jpg,0.9961
WIN_20260730_09_28_56_Pro_0068.jpg,0.9951
WIN_20260730_09_28_56_Pro_0069.jpg,0.9873
WIN_20260730_09_28_56_Pro_0071.jpg,0.9912
WIN_20260730_09_28_56_Pro_0072.jpg,0.9782
WIN_20260730_09_28_56_Pro_0073.jpg,0.9801
WIN_20260730_09_28_56_Pro_0074.jpg,0.9741
WIN_20260730_09_28_56_Pro_0075.jpg,0.9729
WIN_20260730_09_28_56_Pro_0076.jpg,0.9713
WIN_20260730_09_28_56_Pro_0077.jpg,0.9719
WIN_20260730_09_28_56_Pro_0078.jpg,0.9719
WIN_20260730_09_28_56_Pro_0079.jpg,0.9703
WIN_20260730_09_28_56_Pro_0080.jpg,0.9644
WIN_20260730_09_28_56_Pro_0081.jpg,0.9616
WIN_20260730_09_28_56_Pro_0082.jpg,0.9621
WIN_20260730_09_28_56_Pro_0083.jpg,0.9542
WIN_20260730_09_28_56_Pro_0084.jpg,0.9531
WIN_20260730_09_28_56_Pro_0085.jpg,0.9488
WIN_20260730_09_28_56_Pro_0086.jpg,0.9517
WIN_20260730_09_28_56_Pro_0087.jpg,0.9495
WIN_20260730_09_28_56_Pro_0088.jpg,0.9471
WIN_20260730_09_28_56_Pro_0089.jpg,0.9441
WIN_20260730_09_28_56_Pro_0090.jpg,0.9380
WIN_20260730_09_28_56_Pro_0091.jpg,0.9342
WIN_20260730_09_28_56_Pro_0092.jpg,0.9329
WIN_20260730_09_28_56_Pro_0093.jpg,0.9309
WIN_20260730_09_28_56_Pro_0094.jpg,0.9277
WIN_20260730_09_28_56_Pro_0095.jpg,0.9269
WIN_20260730_09_28_56_Pro_0096.jpg,0.9276
WIN_20260730_09_28_56_Pro_0097.jpg,0.9252
WIN_20260730_09_28_56_Pro_0098.jpg,0.9222
WIN_20260730_09_28_56_Pro_0099.jpg,0.9222
WIN_20260730_09_28_56_Pro_0100.jpg,0.9193
WIN_20260730_09_28_56_Pro_0101.jpg,0.9161
WIN_20260730_09_28_56_Pro_0102.jpg,0.9160
WIN_20260730_09_28_56_Pro_0103.jpg,0.9131
WIN_20260730_09_28_56_Pro_0104.jpg,0.9103
WIN_20260730_09_28_56_Pro_0105.jpg,0.9060
WIN_20260730_09_28_56_Pro_0106.jpg,0.9042
WIN_20260730_09_28_56_Pro_0107.jpg,0.8970
WIN_20260730_09_28_56_Pro_0108.jpg,0.8884
WIN_20260730_09_28_56_Pro_0109.jpg,0.8852
WIN_20260730_09_28_56_Pro_0110.jpg,0.8771
WIN_20260730_09_28_56_Pro_0111.jpg,0.8631
WIN_20260730_09_28_56_Pro_0112.jpg,0.8636
WIN_20260730_09_28_56_Pro_0113.jpg,0.8559
WIN_20260730_09_28_56_Pro_0114.jpg,0.8466
WIN_20260730_09_28_56_Pro_0115.jpg,0.8442
WIN_20260730_09_28_56_Pro_0116.jpg,0.8403
WIN_20260730_09_28_56_Pro_0117.jpg,0.8289
WIN_20260730_09_28_56_Pro_0118.jpg,0.8305
WIN_20260730_09_28_56_Pro_0119.jpg,0.8283
WIN_20260730_09_28_56_Pro_0120.jpg,0.8289
WIN_20260730_09_28_56_Pro_0121.jpg,0.8215
WIN_20260730_09_28_56_Pro_0122.jpg,0.8179
WIN_20260730_09_28_56_Pro_0123.jpg,0.8191
WIN_20260730_09_28_56_Pro_0124.jpg,0.8179
WIN_20260730_09_28_56_Pro_0125.jpg,0.8167
WIN_20260730_09_28_56_Pro_0126.jpg,0.8079
WIN_20260730_09_28_56_Pro_0127.jpg,0.8102
WIN_20260730_09_28_56_Pro_0128.jpg,0.8085
WIN_20260730_09_28_56_Pro_0129.jpg,0.7988
WIN_20260730_09_28_56_Pro_0130.jpg,0.7999
WIN_20260730_09_28_56_Pro_0131.jpg,0.8009
WIN_20260730_09_28_56_Pro_0132.jpg,0.8044
WIN_20260730_09_28_56_Pro_0133.jpg,0.7883
WIN_20260730_09_28_56_Pro_0134.jpg,0.7989
WIN_20260730_09_28_56_Pro_0135.jpg,0.7845
WIN_20260730_09_28_56_Pro_0136.jpg,0.7842
WIN_20260730_09_28_56_Pro_0137.jpg,0.7682
WIN_20260730_09_28_56_Pro_0138.jpg,0.7897
WIN_20260730_09_28_56_Pro_0139.jpg,0.7878
WIN_20260730_09_28_56_Pro_0140.jpg,0.7703
WIN_20260730_09_28_56_Pro_0141.jpg,0.7682
WIN_20260730_09_28_56_Pro_0142.jpg,0.7576
WIN_20260730_09_28_56_Pro_0143.jpg,0.7586
WIN_20260730_09_28_56_Pro_0144.jpg,0.7546
WIN_20260730_09_28_56_Pro_0145.jpg,0.7449
WIN_20260730_09_28_56_Pro_0146.jpg,0.7290
WIN_20260730_09_28_56_Pro_0147.jpg,0.7363
WIN_20260730_09_28_56_Pro_0148.jpg,0.7286
WIN_20260730_09_28_56_Pro_0149.jpg,0.7422
WIN_20260730_09_28_56_Pro_0150.jpg,0.7286
WIN_20260730_09_28_56_Pro_0151.jpg,0.7326
WIN_20260730_09_28_56_Pro_0152.jpg,0.7172
WIN_20260730_09_28_56_Pro_0153.jpg,0.7196
WIN_20260730_09_28_56_Pro_0154.jpg,0.7205
WIN_20260730_09_28_56_Pro_0155.jpg,0.7200
WIN_20260730_09_28_56_Pro_0156.jpg,0.6848
WIN_20260730_09_28_56_Pro_0157.jpg,0.6941
WIN_20260730_09_28_56_Pro_0158.jpg,0.6913
WIN_20260730_09_28_56_Pro_0159.jpg,0.6804
WIN_20260730_09_28_56_Pro_0160.jpg,0.6712
WIN_20260730_09_28_56_Pro_0161.jpg,0.6384
WIN_20260730_09_28_56_Pro_0162.jpg,0.6099
WIN_20260730_09_28_56_Pro_0163.jpg,0.6197
WIN_20260730_09_28_56_Pro_0164.jpg,0.6262
WIN_20260730_09_28_56_Pro_0165.jpg,0.6323
WIN_20260730_09_28_56_Pro_0166.jpg,0.6432
WIN_20260730_09_28_56_Pro_0167.jpg,0.6519
WIN_20260730_09_28_56_Pro_0168.jpg,0.6378
WIN_20260730_09_28_56_Pro_0169.jpg,0.6149
WIN_20260730_09_28_56_Pro_0170.jpg,0.6233
WIN_20260730_09_28_56_Pro_0171.jpg,0.6238
WIN_20260730_09_28_56_Pro_0172.jpg,0.6160
WIN_20260730_09_28_56_Pro_0173.jpg,0.6013
WIN_20260730_09_28_56_Pro_0174.jpg,0.5996
WIN_20260730_09_28_56_Pro_0175.jpg,0.5626
WIN_20260730_09_28_56_Pro_0176.jpg,0.5757
WIN_20260730_09_28_56_Pro_0177.jpg,0.5211
WIN_20260730_09_28_56_Pro_0178.jpg,0.5660
WIN_20260730_09_28_56_Pro_0179.jpg,0.5539
WIN_20260730_09_28_56_Pro_0180.jpg,0.5474
WIN_20260730_09_28_56_Pro_0181.jpg,0.5517
WIN_20260730_09_28_56_Pro_0182.jpg,0.5462
WIN_20260730_09_28_56_Pro_0183.jpg,0.5416
WIN_20260730_09_28_56_Pro_0184.jpg,0.5304
WIN_20260730_09_28_56_Pro_0185.jpg,0.5239
WIN_20260730_09_28_56_Pro_0186.jpg,0.5251
WIN_20260730_09_28_56_Pro_0187.jpg,0.5179
WIN_20260730_09_28_56_Pro_0188.jpg,0.5069
WIN_20260730_09_28_56_Pro_0189.jpg,0.5043
WIN_20260730_09_28_56_Pro_0190.jpg,0.4934
WIN_20260730_09_28_56_Pro_0191.jpg,0.4818
WIN_20260730_09_28_56_Pro_0192.jpg,0.4788
WIN_20260730_09_28_56_Pro_0193.jpg,0.4699
WIN_20260730_09_28_56_Pro_0194.jpg,0.4578
WIN_20260730_09_28_56_Pro_0195.jpg,0.4619
WIN_20260730_09_28_56_Pro_0196.jpg,0.4348
WIN_20260730_09_28_56_Pro_0197.jpg,0.4312
WIN_20260730_09_28_56_Pro_0198.jpg,0.4030
WIN_20260730_09_28_56_Pro_0199.jpg,0.4014
WIN_20260730_09_28_56_Pro_0200.jpg,0.3635
WIN_20260730_09_28_56_Pro_0201.jpg,0.4133
WIN_20260730_09_28_56_Pro_0202.jpg,0.3631
WIN_20260730_09_28_56_Pro_0203.jpg,0.3724
WIN_20260730_09_28_56_Pro_0204.jpg,0.3533
WIN_20260730_09_28_56_Pro_0205.jpg,0.3526
WIN_20260730_09_28_56_Pro_0206.jpg,0.3379
WIN_20260730_09_28_56_Pro_0207.jpg,0.3355
WIN_20260730_09_28_56_Pro_0208.jpg,0.3371
WIN_20260730_09_28_56_Pro_0209.jpg,0.3367
WIN_20260730_09_28_56_Pro_0210.jpg,0.3084
WIN_20260730_09_28_56_Pro_0211.jpg,0.2932
WIN_20260730_09_28_56_Pro_0212.jpg,0.3040
WIN_20260730_09_28_56_Pro_0213.jpg,0.2798
WIN_20260730_09_28_56_Pro_0214.jpg,0.2771
WIN_20260730_09_28_56_Pro_0215.jpg,0.2581
WIN_20260730_09_28_56_Pro_0216.jpg,0.2518
WIN_20260730_09_28_56_Pro_0217.jpg,0.2508
WIN_20260730_09_28_56_Pro_0218.jpg,0.2420
WIN_20260730_09_28_56_Pro_0219.jpg,0.2451
WIN_20260730_09_28_56_Pro_0220.jpg,0.2175
WIN_20260730_09_28_56_Pro_0221.jpg,0.2126
WIN_20260730_09_28_56_Pro_0222.jpg,0.2139
WIN_20260730_09_28_56_Pro_0223.jpg,0.1999
WIN_20260730_09_28_56_Pro_0224.jpg,0.2023
WIN_20260730_09_28_56_Pro_0225.jpg,0.1937
WIN_20260730_09_28_56_Pro_0226.jpg,0.1864
WIN_20260730_09_28_56_Pro_0227.jpg,0.1806
WIN_20260730_09_28_56_Pro_0228.jpg,0.1792
WIN_20260730_09_28_56_Pro_0229.jpg,0.1873
WIN_20260730_09_28_56_Pro_0230.jpg,0.1799
WIN_20260730_09_28_56_Pro_0231.jpg,0.1536
WIN_20260730_09_28_56_Pro_0232.jpg,0.1563
WIN_20260730_09_28_56_Pro_0233.jpg,0.1380
WIN_20260730_09_28_56_Pro_0234.jpg,0.1530
WIN_20260730_09_28_56_Pro_0235.jpg,0.1286
WIN_20260730_09_28_56_Pro_0236.jpg,0.1413
WIN_20260730_09_28_56_Pro_0237.jpg,0.1370
WIN_20260730_09_28_56_Pro_0238.jpg,0.1339
WIN_20260730_09_28_56_Pro_0239.jpg,0.1149
WIN_20260730_09_28_56_Pro_0240.jpg,0.1100
WIN_20260730_09_28_56_Pro_0241.jpg,0.1036
WIN_20260730_09_28_56_Pro_0242.jpg,0.0759
WIN_20260730_09_28_56_Pro_0243.jpg,0.0883
WIN_20260730_09_28_56_Pro_0244.jpg,0.0836
WIN_20260730_09_28_56_Pro_0305.jpg,0.0000
WIN_20260730_09_28_56_Pro_0310.jpg,0.0085
WIN_20260730_09_28_56_Pro_0350.jpg,0.0345
WIN_20260730_09_28_56_Pro_0351.jpg,0.0337
WIN_20260730_09_28_56_Pro_0352.jpg,0.0443
WIN_20260730_09_28_56_Pro_0353.jpg,0.0393
WIN_20260730_09_28_56_Pro_0354.jpg,0.0369
WIN_20260730_09_28_56_Pro_0357.jpg,0.0383
WIN_20260730_09_28_56_Pro_0405.jpg,0.1609
WIN_20260730_09_28_56_Pro_0407.jpg,0.1728
WIN_20260730_09_28_56_Pro_0408.jpg,0.1638
WIN_20260730_09_28_56_Pro_0409.jpg,0.1704
WIN_20260730_09_28_56_Pro_0410.jpg,0.1831
WIN_20260730_09_28_56_Pro_0411.jpg,0.1940
WIN_20260730_09_28_56_Pro_0412.jpg,0.1897
WIN_20260730_09_28_56_Pro_0413.jpg,0.1878
WIN_20260730_09_28_56_Pro_0414.jpg,0.2015
WIN_20260730_09_28_56_Pro_0415.jpg,0.1542
WIN_20260730_09_28_56_Pro_0416.jpg,0.1847
WIN_20260730_09_28_56_Pro_0436.jpg,0.3051
WIN_20260730_09_28_56_Pro_0437.jpg,0.3026
WIN_20260730_09_28_56_Pro_0438.jpg,0.3348
WIN_20260730_09_28_56_Pro_0439.jpg,0.3376
WIN_20260730_09_28_56_Pro_0440.jpg,0.3474
WIN_20260730_09_28_56_Pro_0441.jpg,0.3672
WIN_20260730_09_28_56_Pro_0442.jpg,0.3631
WIN_20260730_09_28_56_Pro_0443.jpg,0.3756
WIN_20260730_09_28_56_Pro_0444.jpg,0.3986
WIN_20260730_09_28_56_Pro_0445.jpg,0.3955
WIN_20260730_09_28_56_Pro_0446.jpg,0.4052
WIN_20260730_09_28_56_Pro_0447.jpg,0.4067
WIN_20260730_09_28_56_Pro_0448.jpg,0.4436
WIN_20260730_09_28_56_Pro_0449.jpg,0.4203
WIN_20260730_09_28_56_Pro_0450.jpg,0.4255
WIN_20260730_09_28_56_Pro_0451.jpg,0.4693
WIN_20260730_09_28_56_Pro_0452.jpg,0.5154
WIN_20260730_09_28_56_Pro_0453.jpg,0.5038
WIN_20260730_09_28_56_Pro_0454.jpg,0.5109
WIN_20260730_09_28_56_Pro_0455.jpg,0.4952
WIN_20260730_09_28_56_Pro_0456.jpg,0.5266
WIN_20260730_09_28_56_Pro_0457.jpg,0.5294
WIN_20260730_09_28_56_Pro_0458.jpg,0.5374
WIN_20260730_09_28_56_Pro_0459.jpg,0.5316
WIN_20260730_09_28_56_Pro_0460.jpg,0.5386
WIN_20260730_09_28_56_Pro_0461.jpg,0.5461
WIN_20260730_09_28_56_Pro_0462.jpg,0.5506
WIN_20260730_09_28_56_Pro_0463.jpg,0.5578
WIN_20260730_09_28_56_Pro_0464.jpg,0.5789
WIN_20260730_09_28_56_Pro_0465.jpg,0.5941
WIN_20260730_09_28_56_Pro_0466.jpg,0.5992
WIN_20260730_09_28_56_Pro_0467.jpg,0.6209
WIN_20260730_09_28_56_Pro_0468.jpg,0.6322
WIN_20260730_09_28_56_Pro_0469.jpg,0.6391
WIN_20260730_09_28_56_Pro_0470.jpg,0.6518
WIN_20260730_09_28_56_Pro_0471.jpg,0.6626
WIN_20260730_09_28_56_Pro_0472.jpg,0.6751
WIN_20260730_09_28_56_Pro_0473.jpg,0.6931
WIN_20260730_09_28_56_Pro_0474.jpg,0.7158
WIN_20260730_09_28_56_Pro_0475.jpg,0.7195
WIN_20260730_09_28_56_Pro_0476.jpg,0.7185
WIN_20260730_09_28_56_Pro_0477.jpg,0.7330
WIN_20260730_09_28_56_Pro_0478.jpg,0.7305
WIN_20260730_09_28_56_Pro_0479.jpg,0.7388
WIN_20260730_09_28_56_Pro_0480.jpg,0.7581
WIN_20260730_09_28_56_Pro_0481.jpg,0.7687
WIN_20260730_09_28_56_Pro_0482.jpg,0.7780
WIN_20260730_09_28_56_Pro_0483.jpg,0.7995
WIN_20260730_09_28_56_Pro_0484.jpg,0.8091
WIN_20260730_09_28_56_Pro_0485.jpg,0.8146
WIN_20260730_09_28_56_Pro_0486.jpg,0.8140
WIN_20260730_09_28_56_Pro_0487.jpg,0.8263
WIN_20260730_09_28_56_Pro_0488.jpg,0.8297
WIN_20260730_09_28_56_Pro_0489.jpg,0.8392
WIN_20260730_09_28_56_Pro_0490.jpg,0.8502
WIN_20260730_09_28_56_Pro_0491.jpg,0.8517
WIN_20260730_09_28_56_Pro_0492.jpg,0.8540
WIN_20260730_09_28_56_Pro_0493.jpg,0.8588
WIN_20260730_09_28_56_Pro_0494.jpg,0.8625
WIN_20260730_09_28_56_Pro_0495.jpg,0.8649
WIN_20260730_09_28_56_Pro_0496.jpg,0.8640
WIN_20260730_09_28_56_Pro_0497.jpg,0.8591
WIN_20260730_09_28_56_Pro_0498.jpg,0.8642
WIN_20260730_09_28_56_Pro_0499.jpg,0.8710
WIN_20260730_09_28_56_Pro_0500.jpg,0.8812
WIN_20260730_09_28_56_Pro_0501.jpg,0.8794
WIN_20260730_09_28_56_Pro_0502.jpg,0.8862
WIN_20260730_09_28_56_Pro_0503.jpg,0.8991
WIN_20260730_09_28_56_Pro_0504.jpg,0.9003
WIN_20260730_09_28_56_Pro_0505.jpg,0.9125
WIN_20260730_09_28_56_Pro_0506.jpg,0.9178
WIN_20260730_09_28_56_Pro_0507.jpg,0.9317
WIN_20260730_09_28_56_Pro_0508.jpg,0.9392
WIN_20260730_09_28_56_Pro_0509.jpg,0.9396
WIN_20260730_09_28_56_Pro_0510.jpg,0.9430
WIN_20260730_09_28_56_Pro_0511.jpg,0.9551
WIN_20260730_09_28_56_Pro_0512.jpg,0.9628
WIN_20260730_09_28_56_Pro_0513.jpg,0.9728
WIN_20260730_09_28_56_Pro_0514.jpg,0.9751
WIN_20260730_09_28_56_Pro_0515.jpg,0.9817
WIN_20260730_09_28_56_Pro_0516.jpg,0.9709
WIN_20260730_09_28_56_Pro_0517.jpg,0.9836
WIN_20260730_09_28_56_Pro_0518.jpg,0.9825
WIN_20260730_09_28_56_Pro_0519.jpg,0.9716
WIN_20260730_09_28_56_Pro_0520.jpg,0.9892
WIN_20260730_09_28_56_Pro_0521.jpg,1.0000
WIN_20260730_09_28_56_Pro_0522.jpg,1.0000
WIN_20260730_09_28_56_Pro_0523.jpg,0.9972
WIN_20260730_09_28_56_Pro_0524.jpg,1.0000
WIN_20260730_09_28_56_Pro_0525.jpg,1.0000
WIN_20260730_09_28_56_Pro_0526.jpg,1.0000
WIN_20260730_09_28_56_Pro_0527.jpg,1.0000
WIN_20260730_09_28_56_Pro_0528.jpg,1.0000
WIN_20260730_09_28_56_Pro_0529.jpg,1.0000
WIN_20260730_09_28_56_Pro_0530.jpg,1.0000
WIN_20260730_09_28_56_Pro_0531.jpg,1.0000
WIN_20260730_09_28_56_Pro_0532.jpg,1.0000
WIN_20260730_09_28_56_Pro_0533.jpg,1.0000
WIN_20260730_09_28_56_Pro_0534.jpg,1.0000
WIN_20260730_09_28_56_Pro_0535.jpg,1.0000
WIN_20260730_09_28_56_Pro_0536.jpg,1.0000
WIN_20260730_09_28_56_Pro_0537.jpg,1.0000
WIN_20260730_09_28_56_Pro_0538.jpg,1.0000
WIN_20260730_09_30_02_Pro_0000.jpg,0.9815
WIN_20260730_09_30_02_Pro_0001.jpg,0.9812
WIN_20260730_09_30_02_Pro_0002.jpg,0.9799
WIN_20260730_09_30_02_Pro_0003.jpg,0.9792
WIN_20260730_09_30_02_Pro_0004.jpg,0.9805
WIN_20260730_09_30_02_Pro_0005.jpg,0.9830
WIN_20260730_09_30_02_Pro_0006.jpg,0.9783
WIN_20260730_09_30_02_Pro_0007.jpg,0.9818
WIN_20260730_09_30_02_Pro_0008.jpg,0.9790
WIN_20260730_09_30_02_Pro_0009.jpg,0.9827
WIN_20260730_09_30_02_Pro_0010.jpg,0.9774
WIN_20260730_09_30_02_Pro_0011.jpg,0.9843
WIN_20260730_09_30_02_Pro_0012.jpg,0.9848
WIN_20260730_09_30_02_Pro_0013.jpg,0.9912
WIN_20260730_09_30_02_Pro_0014.jpg,0.9980
WIN_20260730_09_30_02_Pro_0015.jpg,0.9980
WIN_20260730_09_30_02_Pro_0016.jpg,0.9947
WIN_20260730_09_30_02_Pro_0017.jpg,1.0000
WIN_20260730_09_30_02_Pro_0018.jpg,1.0000
WIN_20260730_09_30_02_Pro_0019.jpg,1.0000
WIN_20260730_09_30_02_Pro_0020.jpg,1.0000
WIN_20260730_09_30_02_Pro_0021.jpg,1.0000
WIN_20260730_09_30_02_Pro_0022.jpg,1.0000
WIN_20260730_09_30_02_Pro_0023.jpg,1.0000
WIN_20260730_09_30_02_Pro_0024.jpg,1.0000
WIN_20260730_09_30_02_Pro_0025.jpg,1.0000
WIN_20260730_09_30_02_Pro_0026.jpg,1.0000
WIN_20260730_09_30_02_Pro_0027.jpg,1.0000
WIN_20260730_09_30_02_Pro_0028.jpg,1.0000
WIN_20260730_09_30_02_Pro_0029.jpg,1.0000
WIN_20260730_09_30_02_Pro_0030.jpg,1.0000
WIN_20260730_09_30_02_Pro_0031.jpg,1.0000
WIN_20260730_09_30_02_Pro_0032.jpg,1.0000
WIN_20260730_09_30_02_Pro_0033.jpg,1.0000
WIN_20260730_09_30_02_Pro_0034.jpg,1.0000
WIN_20260730_09_30_02_Pro_0035.jpg,1.0000
WIN_20260730_09_30_02_Pro_0036.jpg,1.0000
WIN_20260730_09_30_02_Pro_0037.jpg,1.0000
WIN_20260730_09_30_02_Pro_0038.jpg,0.9809
WIN_20260730_09_30_02_Pro_0039.jpg,0.9819
WIN_20260730_09_30_02_Pro_0040.jpg,0.9773
WIN_20260730_09_30_02_Pro_0041.jpg,0.9784
WIN_20260730_09_30_02_Pro_0042.jpg,0.9694
WIN_20260730_09_30_02_Pro_0043.jpg,0.9679
WIN_20260730_09_30_02_Pro_0044.jpg,0.9717
WIN_20260730_09_30_02_Pro_0045.jpg,0.9775
WIN_20260730_09_30_02_Pro_0046.jpg,0.9813
WIN_20260730_09_30_02_Pro_0047.jpg,0.9747
WIN_20260730_09_30_02_Pro_0048.jpg,0.9682
WIN_20260730_09_30_02_Pro_0049.jpg,0.9682
WIN_20260730_09_30_02_Pro_0050.jpg,0.9737
WIN_20260730_09_30_02_Pro_0051.jpg,0.9820
WIN_20260730_09_30_02_Pro_0052.jpg,0.9797
WIN_20260730_09_30_02_Pro_0053.jpg,0.9749
WIN_20260730_09_30_02_Pro_0054.jpg,0.9684
WIN_20260730_09_30_02_Pro_0055.jpg,0.9742
WIN_20260730_09_30_02_Pro_0056.jpg,0.9718
WIN_20260730_09_30_02_Pro_0057.jpg,0.9790
WIN_20260730_09_30_02_Pro_0058.jpg,0.9746
WIN_20260730_09_30_02_Pro_0059.jpg,0.9885
WIN_20260730_09_30_02_Pro_0060.jpg,0.9960
WIN_20260730_09_30_02_Pro_0061.jpg,1.0000
WIN_20260730_09_30_02_Pro_0062.jpg,1.0000
WIN_20260730_09_30_02_Pro_0063.jpg,1.0000
WIN_20260730_09_30_02_Pro_0064.jpg,1.0000
WIN_20260730_09_30_02_Pro_0065.jpg,1.0000
WIN_20260730_09_30_02_Pro_0066.jpg,1.0000
WIN_20260730_09_30_02_Pro_0067.jpg,1.0000
WIN_20260730_09_30_02_Pro_0068.jpg,1.0000
WIN_20260730_09_30_02_Pro_0069.jpg,1.0000
WIN_20260730_09_30_02_Pro_0070.jpg,1.0000
WIN_20260730_09_30_02_Pro_0071.jpg,1.0000
WIN_20260730_09_30_02_Pro_0072.jpg,1.0000
WIN_20260730_09_30_02_Pro_0073.jpg,1.0000
WIN_20260730_09_30_02_Pro_0074.jpg,1.0000
WIN_20260730_09_30_02_Pro_0075.jpg,1.0000
WIN_20260730_09_30_02_Pro_0076.jpg,1.0000
WIN_20260730_09_30_02_Pro_0077.jpg,1.0000
WIN_20260730_09_30_02_Pro_0078.jpg,1.0000
WIN_20260730_09_30_02_Pro_0079.jpg,1.0000
WIN_20260730_09_30_02_Pro_0080.jpg,1.0000
WIN_20260730_09_30_02_Pro_0081.jpg,1.0000
WIN_20260730_09_30_02_Pro_0082.jpg,1.0000
WIN_20260730_09_30_02_Pro_0083.jpg,1.0000
WIN_20260730_09_30_02_Pro_0084.jpg,1.0000
WIN_20260730_09_30_02_Pro_0085.jpg,1.0000
WIN_20260730_09_30_02_Pro_0086.jpg,1.0000
WIN_20260730_09_30_02_Pro_0087.jpg,1.0000
WIN_20260730_09_30_02_Pro_0088.jpg,1.0000
WIN_20260730_09_30_02_Pro_0089.jpg,1.0000
WIN_20260730_09_30_02_Pro_0090.jpg,1.0000
WIN_20260730_09_30_02_Pro_0091.jpg,1.0000
WIN_20260730_09_30_02_Pro_0092.jpg,1.0000
WIN_20260730_09_30_02_Pro_0093.jpg,1.0000
WIN_20260730_09_30_02_Pro_0094.jpg,1.0000
WIN_20260730_09_30_02_Pro_0095.jpg,1.0000
WIN_20260730_09_30_02_Pro_0096.jpg,1.0000
WIN_20260730_09_30_02_Pro_0097.jpg,1.0000
WIN_20260730_09_30_02_Pro_0098.jpg,1.0000
WIN_20260730_09_30_02_Pro_0099.jpg,1.0000
WIN_20260730_09_30_02_Pro_0100.jpg,1.0000
WIN_20260730_09_30_02_Pro_0101.jpg,1.0000
WIN_20260730_09_30_02_Pro_0102.jpg,1.0000
WIN_20260730_09_30_02_Pro_0103.jpg,1.0000
WIN_20260730_09_30_02_Pro_0104.jpg,1.0000
WIN_20260730_09_30_02_Pro_0105.jpg,1.0000
WIN_20260730_09_30_02_Pro_0106.jpg,1.0000
WIN_20260730_09_30_02_Pro_0107.jpg,1.0000
WIN_20260730_09_30_02_Pro_0108.jpg,1.0000
WIN_20260730_09_30_02_Pro_0109.jpg,1.0000
WIN_20260730_09_30_02_Pro_0110.jpg,1.0000
WIN_20260730_09_30_02_Pro_0111.jpg,1.0000
WIN_20260730_09_30_02_Pro_0112.jpg,1.0000
WIN_20260730_09_30_02_Pro_0113.jpg,1.0000
WIN_20260730_09_30_02_Pro_0114.jpg,1.0000
WIN_20260730_09_30_02_Pro_0115.jpg,1.0000
WIN_20260730_09_30_02_Pro_0116.jpg,1.0000
WIN_20260730_09_30_02_Pro_0117.jpg,1.0000
WIN_20260730_09_30_02_Pro_0118.jpg,1.0000
WIN_20260730_09_30_02_Pro_0119.jpg,1.0000
WIN_20260730_09_30_02_Pro_0120.jpg,1.0000
WIN_20260730_09_30_02_Pro_0121.jpg,1.0000
WIN_20260730_09_30_02_Pro_0122.jpg,1.0000
WIN_20260730_09_30_02_Pro_0123.jpg,1.0000
WIN_20260730_09_30_02_Pro_0124.jpg,1.0000
WIN_20260730_09_30_02_Pro_0125.jpg,1.0000
WIN_20260730_09_30_02_Pro_0126.jpg,1.0000
WIN_20260730_09_30_02_Pro_0127.jpg,1.0000
WIN_20260730_09_30_02_Pro_0128.jpg,1.0000
WIN_20260730_09_30_02_Pro_0129.jpg,1.0000
WIN_20260730_09_30_02_Pro_0130.jpg,1.0000
WIN_20260730_09_30_02_Pro_0131.jpg,1.0000
WIN_20260730_09_30_02_Pro_0132.jpg,1.0000
WIN_20260730_09_30_02_Pro_0133.jpg,1.0000
WIN_20260730_09_30_02_Pro_0134.jpg,1.0000
WIN_20260730_09_30_02_Pro_0135.jpg,1.0000
WIN_20260730_09_30_02_Pro_0136.jpg,1.0000
WIN_20260730_09_30_02_Pro_0137.jpg,1.0000
WIN_20260730_09_30_02_Pro_0138.jpg,1.0000
WIN_20260730_09_30_02_Pro_0139.jpg,1.0000
WIN_20260730_09_30_02_Pro_0140.jpg,1.0000
WIN_20260730_09_30_02_Pro_0141.jpg,1.0000
WIN_20260730_09_30_02_Pro_0142.jpg,1.0000
WIN_20260730_09_30_02_Pro_0143.jpg,1.0000
WIN_20260730_09_30_02_Pro_0144.jpg,1.0000
WIN_20260730_09_30_02_Pro_0145.jpg,1.0000
WIN_20260730_09_30_02_Pro_0146.jpg,1.0000
WIN_20260730_09_30_02_Pro_0147.jpg,1.0000
WIN_20260730_09_30_02_Pro_0148.jpg,1.0000
WIN_20260730_09_30_02_Pro_0149.jpg,1.0000
WIN_20260730_09_30_02_Pro_0150.jpg,1.0000
WIN_20260730_09_30_02_Pro_0151.jpg,1.0000
WIN_20260730_09_30_02_Pro_0152.jpg,1.0000
WIN_20260730_09_30_02_Pro_0153.jpg,1.0000
WIN_20260730_09_30_02_Pro_0154.jpg,0.0000
WIN_20260730_09_30_02_Pro_0155.jpg,0.0000
WIN_20260730_09_30_02_Pro_0156.jpg,0.0000
WIN_20260730_09_30_02_Pro_0157.jpg,0.0000
WIN_20260730_09_30_02_Pro_0158.jpg,0.0000
WIN_20260730_09_30_02_Pro_0159.jpg,0.0000
WIN_20260730_09_30_02_Pro_0160.jpg,0.0000
WIN_20260730_09_30_02_Pro_0161.jpg,0.0000
WIN_20260730_09_30_02_Pro_0162.jpg,0.0000
WIN_20260730_09_30_02_Pro_0163.jpg,0.0000
WIN_20260730_09_30_02_Pro_0164.jpg,0.0000
WIN_20260730_09_30_02_Pro_0165.jpg,0.0000
WIN_20260730_09_30_02_Pro_0166.jpg,0.0000
WIN_20260730_09_30_02_Pro_0167.jpg,0.0000
WIN_20260730_09_30_02_Pro_0168.jpg,0.0000
WIN_20260730_09_30_02_Pro_0169.jpg,0.0000
WIN_20260730_09_30_02_Pro_0170.jpg,0.0000
WIN_20260730_09_30_02_Pro_0171.jpg,0.0000
WIN_20260730_09_30_02_Pro_0172.jpg,0.0000
WIN_20260730_09_30_02_Pro_0173.jpg,0.0000
WIN_20260730_09_30_02_Pro_0174.jpg,0.0000
WIN_20260730_09_30_02_Pro_0175.jpg,0.0000
WIN_20260730_09_30_02_Pro_0176.jpg,0.0000
WIN_20260730_09_30_02_Pro_0177.jpg,0.0000
WIN_20260730_09_30_02_Pro_0178.jpg,0.0000
WIN_20260730_09_30_02_Pro_0179.jpg,0.0000
WIN_20260730_09_30_02_Pro_0180.jpg,0.0192
WIN_20260730_09_30_02_Pro_0181.jpg,0.0000
WIN_20260730_09_30_02_Pro_0182.jpg,0.0000
WIN_20260730_09_30_02_Pro_0183.jpg,0.0000
WIN_20260730_09_30_02_Pro_0184.jpg,0.0000
WIN_20260730_09_30_02_Pro_0185.jpg,0.0000
WIN_20260730_09_30_02_Pro_0186.jpg,0.0000
WIN_20260730_09_30_02_Pro_0187.jpg,0.0000
WIN_20260730_09_30_02_Pro_0189.jpg,0.3430
WIN_20260730_09_30_02_Pro_0190.jpg,0.7051
WIN_20260730_09_30_02_Pro_0191.jpg,0.7161
WIN_20260730_09_30_02_Pro_0192.jpg,0.1345
WIN_20260730_09_30_02_Pro_0193.jpg,0.0000
WIN_20260730_09_30_02_Pro_0195.jpg,0.4386
WIN_20260730_09_30_02_Pro_0196.jpg,0.7078
WIN_20260730_09_30_02_Pro_0197.jpg,0.2535
WIN_20260730_09_30_02_Pro_0198.jpg,1.0000
WIN_20260730_09_30_02_Pro_0199.jpg,0.2871
WIN_20260730_09_30_02_Pro_0200.jpg,0.4317
WIN_20260730_09_30_02_Pro_0201.jpg,0.6228
WIN_20260730_09_30_02_Pro_0202.jpg,0.5924
WIN_20260730_09_30_02_Pro_0203.jpg,0.0446
WIN_20260730_09_30_02_Pro_0204.jpg,0.0000
WIN_20260730_09_30_02_Pro_0205.jpg,0.0000
WIN_20260730_09_30_02_Pro_0206.jpg,0.0000
WIN_20260730_09_30_02_Pro_0207.jpg,0.0000
WIN_20260730_09_30_02_Pro_0208.jpg,0.0000
WIN_20260730_09_30_02_Pro_0209.jpg,0.0000
WIN_20260730_09_30_02_Pro_0210.jpg,0.0041
WIN_20260730_09_30_02_Pro_0211.jpg,0.0000
WIN_20260730_09_30_02_Pro_0212.jpg,0.0046
WIN_20260730_09_30_02_Pro_0213.jpg,0.0000
WIN_20260730_09_30_02_Pro_0214.jpg,0.0000
WIN_20260730_09_30_02_Pro_0215.jpg,0.0262
WIN_20260730_09_30_02_Pro_0216.jpg,0.0337
WIN_20260730_09_30_02_Pro_0217.jpg,0.0206
WIN_20260730_09_30_02_Pro_0219.jpg,0.0370
WIN_20260730_09_30_02_Pro_0220.jpg,0.0099
WIN_20260730_09_30_02_Pro_0223.jpg,0.1791
WIN_20260730_09_30_02_Pro_0224.jpg,0.0000
WIN_20260730_09_30_02_Pro_0225.jpg,0.0530
WIN_20260730_09_30_02_Pro_0226.jpg,0.0079
WIN_20260730_09_30_02_Pro_0227.jpg,0.0000
WIN_20260730_09_30_02_Pro_0228.jpg,0.0000
WIN_20260730_09_30_02_Pro_0229.jpg,0.0000
WIN_20260730_09_30_02_Pro_0230.jpg,0.0000
WIN_20260730_09_30_02_Pro_0231.jpg,0.0000
WIN_20260730_09_30_02_Pro_0232.jpg,0.0000
WIN_20260730_09_30_02_Pro_0233.jpg,0.0000
WIN_20260730_09_30_02_Pro_0234.jpg,0.0000
WIN_20260730_09_30_02_Pro_0235.jpg,0.0000
WIN_20260730_09_30_02_Pro_0236.jpg,0.0000
WIN_20260730_09_30_02_Pro_0237.jpg,0.0000
WIN_20260730_09_30_02_Pro_0238.jpg,0.0973
WIN_20260730_09_30_02_Pro_0239.jpg,0.0000
WIN_20260730_09_30_02_Pro_0240.jpg,0.0000
WIN_20260730_09_30_02_Pro_0241.jpg,0.0000
WIN_20260730_09_30_02_Pro_0242.jpg,0.0000
WIN_20260730_09_30_02_Pro_0243.jpg,0.0000
WIN_20260730_09_30_02_Pro_0244.jpg,0.0000
WIN_20260730_09_30_02_Pro_0245.jpg,0.0000
WIN_20260730_09_30_02_Pro_0246.jpg,0.0000
WIN_20260730_09_30_02_Pro_0247.jpg,0.0000
WIN_20260730_09_30_02_Pro_0248.jpg,0.0000
WIN_20260730_09_30_02_Pro_0249.jpg,0.0000
WIN_20260730_09_30_02_Pro_0250.jpg,0.0000
WIN_20260730_09_30_02_Pro_0251.jpg,0.0000
WIN_20260730_09_30_02_Pro_0252.jpg,0.0000
WIN_20260730_09_30_02_Pro_0253.jpg,0.0000
WIN_20260730_09_30_02_Pro_0254.jpg,0.0000
WIN_20260730_09_30_02_Pro_0255.jpg,0.0000
WIN_20260730_09_30_02_Pro_0256.jpg,0.0000
WIN_20260730_09_30_02_Pro_0257.jpg,0.0000
WIN_20260730_09_30_02_Pro_0258.jpg,0.0000
WIN_20260730_09_30_02_Pro_0259.jpg,0.0000
WIN_20260730_09_30_02_Pro_0260.jpg,0.0000
WIN_20260730_09_30_02_Pro_0261.jpg,0.0000
WIN_20260730_09_30_02_Pro_0262.jpg,0.0000
WIN_20260730_09_30_02_Pro_0263.jpg,0.0000
WIN_20260730_09_30_02_Pro_0264.jpg,0.0000
WIN_20260730_09_30_02_Pro_0265.jpg,0.0000
WIN_20260730_09_30_02_Pro_0266.jpg,0.0000
WIN_20260730_09_30_02_Pro_0267.jpg,0.0000
WIN_20260730_09_30_02_Pro_0268.jpg,0.0000
WIN_20260730_09_30_02_Pro_0269.jpg,0.0000
WIN_20260730_09_30_02_Pro_0270.jpg,0.0000
WIN_20260730_09_30_02_Pro_0271.jpg,0.0000
WIN_20260730_09_30_02_Pro_0272.jpg,0.0000
WIN_20260730_09_30_02_Pro_0273.jpg,0.0000
WIN_20260730_09_30_02_Pro_0274.jpg,0.0000
WIN_20260730_09_30_02_Pro_0275.jpg,0.0000
WIN_20260730_09_30_02_Pro_0276.jpg,0.0000
WIN_20260730_09_30_02_Pro_0277.jpg,0.0000
WIN_20260730_09_30_02_Pro_0278.jpg,0.0000
WIN_20260730_09_30_02_Pro_0279.jpg,0.0000
WIN_20260730_09_30_02_Pro_0280.jpg,0.0000
WIN_20260730_09_30_02_Pro_0281.jpg,0.0000
WIN_20260730_09_30_02_Pro_0282.jpg,0.0000
WIN_20260730_09_30_02_Pro_0283.jpg,0.0000
WIN_20260730_09_30_02_Pro_0284.jpg,0.9646
WIN_20260730_09_30_02_Pro_0285.jpg,0.0000
WIN_20260730_09_30_02_Pro_0286.jpg,0.0000
WIN_20260730_09_30_02_Pro_0287.jpg,0.0000
WIN_20260730_09_30_02_Pro_0288.jpg,0.0000
WIN_20260730_09_30_02_Pro_0289.jpg,0.0000
WIN_20260730_09_30_02_Pro_0290.jpg,0.0000
WIN_20260730_09_30_02_Pro_0291.jpg,0.0000
WIN_20260730_09_30_02_Pro_0292.jpg,0.0000
WIN_20260730_09_30_02_Pro_0293.jpg,0.0000
WIN_20260730_09_30_02_Pro_0294.jpg,0.0000
WIN_20260730_09_30_02_Pro_0295.jpg,0.0000
WIN_20260730_09_30_02_Pro_0296.jpg,0.0000
WIN_20260730_09_30_02_Pro_0297.jpg,0.0000
WIN_20260730_09_30_02_Pro_0298.jpg,0.0000
WIN_20260730_09_30_02_Pro_0299.jpg,0.0000
WIN_20260730_09_30_02_Pro_0300.jpg,0.0000
WIN_20260730_09_30_02_Pro_0301.jpg,0.0000
WIN_20260730_09_30_02_Pro_0302.jpg,0.0000
WIN_20260730_09_30_02_Pro_0303.jpg,0.0000
WIN_20260730_09_30_02_Pro_0304.jpg,0.0000
WIN_20260730_09_30_02_Pro_0305.jpg,0.0000
WIN_20260730_09_30_02_Pro_0306.jpg,0.0000
WIN_20260730_09_30_02_Pro_0307.jpg,0.0000
WIN_20260730_09_30_02_Pro_0308.jpg,0.0000
WIN_20260730_09_30_02_Pro_0309.jpg,0.0000
WIN_20260730_09_30_02_Pro_0310.jpg,0.0000
WIN_20260730_09_30_02_Pro_0311.jpg,0.0000
WIN_20260730_09_30_02_Pro_0312.jpg,0.0000
WIN_20260730_09_30_02_Pro_0313.jpg,0.0000
WIN_20260730_09_30_02_Pro_0314.jpg,0.0000
WIN_20260730_09_30_02_Pro_0315.jpg,0.0000
WIN_20260730_09_30_02_Pro_0316.jpg,0.0000
WIN_20260730_09_30_02_Pro_0317.jpg,0.0000
WIN_20260730_09_30_02_Pro_0318.jpg,0.0000
WIN_20260730_09_30_02_Pro_0319.jpg,0.0000
WIN_20260730_09_30_02_Pro_0320.jpg,0.0000
WIN_20260730_09_30_02_Pro_0321.jpg,0.0000
WIN_20260730_09_30_02_Pro_0322.jpg,0.0000
WIN_20260730_09_30_02_Pro_0323.jpg,0.0000
WIN_20260730_09_30_02_Pro_0324.jpg,0.0000
WIN_20260730_09_30_02_Pro_0325.jpg,1.0000
WIN_20260730_09_30_02_Pro_0326.jpg,0.0000
WIN_20260730_09_30_02_Pro_0327.jpg,0.0000
WIN_20260730_09_30_02_Pro_0328.jpg,0.0000
WIN_20260730_09_30_02_Pro_0329.jpg,1.0000
WIN_20260730_09_30_02_Pro_0330.jpg,1.0000
WIN_20260730_09_30_02_Pro_0331.jpg,1.0000
WIN_20260730_09_30_02_Pro_0332.jpg,1.0000
WIN_20260730_09_30_02_Pro_0333.jpg,1.0000
WIN_20260730_09_30_02_Pro_0334.jpg,1.0000
WIN_20260730_09_30_02_Pro_0335.jpg,1.0000
WIN_20260730_09_30_02_Pro_0336.jpg,1.0000
WIN_20260730_09_30_02_Pro_0337.jpg,1.0000
WIN_20260730_09_30_02_Pro_0338.jpg,1.0000
WIN_20260730_09_30_02_Pro_0339.jpg,1.0000
WIN_20260730_09_30_02_Pro_0340.jpg,1.0000
WIN_20260730_09_30_02_Pro_0341.jpg,1.0000
WIN_20260730_09_30_02_Pro_0342.jpg,1.0000
WIN_20260730_09_30_02_Pro_0343.jpg,1.0000
WIN_20260730_09_30_02_Pro_0344.jpg,1.0000
WIN_20260730_09_30_02_Pro_0345.jpg,1.0000
WIN_20260730_09_30_02_Pro_0346.jpg,1.0000
WIN_20260730_09_30_02_Pro_0347.jpg,1.0000
WIN_20260730_09_30_02_Pro_0348.jpg,1.0000
WIN_20260730_09_30_02_Pro_0349.jpg,1.0000
WIN_20260730_09_30_02_Pro_0350.jpg,1.0000
WIN_20260730_09_30_02_Pro_0351.jpg,1.0000
WIN_20260730_09_30_02_Pro_0352.jpg,1.0000
WIN_20260730_09_30_02_Pro_0353.jpg,1.0000
WIN_20260730_09_30_02_Pro_0354.jpg,1.0000
WIN_20260730_09_30_02_Pro_0355.jpg,1.0000
WIN_20260730_09_30_02_Pro_0356.jpg,1.0000
WIN_20260730_09_30_02_Pro_0357.jpg,1.0000
WIN_20260730_09_30_02_Pro_0358.jpg,1.0000
WIN_20260730_09_30_02_Pro_0359.jpg,1.0000
WIN_20260730_09_30_02_Pro_0360.jpg,1.0000
WIN_20260730_09_30_02_Pro_0361.jpg,1.0000
WIN_20260730_09_30_02_Pro_0362.jpg,1.0000
WIN_20260730_09_30_02_Pro_0363.jpg,1.0000
WIN_20260730_09_30_02_Pro_0364.jpg,1.0000
WIN_20260730_09_30_02_Pro_0365.jpg,1.0000
WIN_20260730_09_30_02_Pro_0366.jpg,1.0000
WIN_20260730_09_30_02_Pro_0367.jpg,1.0000
WIN_20260730_09_30_02_Pro_0368.jpg,1.0000
WIN_20260730_09_30_02_Pro_0369.jpg,1.0000
WIN_20260730_09_30_02_Pro_0370.jpg,1.0000
WIN_20260730_09_30_02_Pro_0371.jpg,1.0000
WIN_20260730_09_30_02_Pro_0372.jpg,1.0000
WIN_20260730_09_30_02_Pro_0373.jpg,1.0000
WIN_20260730_09_30_02_Pro_0374.jpg,1.0000
WIN_20260730_09_30_02_Pro_0375.jpg,1.0000
WIN_20260730_09_30_02_Pro_0376.jpg,1.0000
WIN_20260730_09_30_02_Pro_0377.jpg,1.0000
WIN_20260730_09_30_02_Pro_0378.jpg,1.0000
WIN_20260730_09_30_02_Pro_0379.jpg,1.0000
WIN_20260730_09_30_02_Pro_0380.jpg,1.0000
WIN_20260730_09_30_02_Pro_0381.jpg,1.0000
WIN_20260730_09_30_02_Pro_0382.jpg,1.0000
WIN_20260730_09_30_02_Pro_0383.jpg,1.0000
WIN_20260730_09_30_02_Pro_0384.jpg,1.0000
WIN_20260730_09_30_02_Pro_0385.jpg,1.0000
WIN_20260730_09_30_02_Pro_0386.jpg,1.0000
WIN_20260730_09_30_02_Pro_0387.jpg,1.0000
WIN_20260730_09_30_02_Pro_0388.jpg,1.0000
WIN_20260730_09_30_02_Pro_0389.jpg,1.0000
WIN_20260730_09_30_02_Pro_0390.jpg,1.0000
WIN_20260730_09_30_02_Pro_0391.jpg,1.0000
WIN_20260730_09_30_02_Pro_0392.jpg,1.0000
WIN_20260730_09_30_02_Pro_0393.jpg,1.0000
WIN_20260730_09_30_02_Pro_0394.jpg,1.0000
WIN_20260730_09_30_02_Pro_0395.jpg,1.0000
WIN_20260730_09_30_02_Pro_0396.jpg,1.0000
WIN_20260730_09_30_02_Pro_0397.jpg,1.0000
WIN_20260730_09_30_02_Pro_0398.jpg,1.0000
WIN_20260730_09_30_02_Pro_0399.jpg,1.0000
WIN_20260730_09_30_02_Pro_0400.jpg,1.0000
WIN_20260730_09_30_02_Pro_0401.jpg,0.9962
WIN_20260730_09_30_02_Pro_0402.jpg,0.9980
WIN_20260730_09_30_02_Pro_0403.jpg,0.9917
WIN_20260730_09_30_02_Pro_0404.jpg,0.9821
WIN_20260730_09_30_02_Pro_0405.jpg,0.9751
WIN_20260730_09_30_02_Pro_0406.jpg,0.9828
WIN_20260730_09_30_02_Pro_0407.jpg,0.9821
WIN_20260730_09_30_02_Pro_0408.jpg,0.9807
WIN_20260730_09_30_02_Pro_0409.jpg,0.9865
WIN_20260730_09_30_02_Pro_0410.jpg,0.9897
WIN_20260730_09_30_02_Pro_0411.jpg,0.9797
WIN_20260730_09_30_02_Pro_0412.jpg,1.0000
WIN_20260730_09_30_02_Pro_0413.jpg,1.0000
WIN_20260730_09_30_02_Pro_0414.jpg,0.9904
WIN_20260730_09_30_02_Pro_0415.jpg,0.9896
WIN_20260730_09_30_02_Pro_0416.jpg,0.9911
WIN_20260730_09_30_02_Pro_0417.jpg,0.9898
WIN_20260730_09_30_02_Pro_0418.jpg,1.0000
WIN_20260730_09_30_02_Pro_0419.jpg,0.9893
WIN_20260730_09_30_02_Pro_0420.jpg,1.0000
WIN_20260730_09_30_02_Pro_0421.jpg,0.9982
WIN_20260730_09_30_02_Pro_0422.jpg,0.9891
WIN_20260730_09_30_02_Pro_0423.jpg,0.9892
WIN_20260730_09_30_02_Pro_0424.jpg,1.0000
WIN_20260730_09_30_02_Pro_0425.jpg,1.0000
WIN_20260730_09_30_02_Pro_0426.jpg,1.0000
WIN_20260730_09_30_02_Pro_0427.jpg,1.0000
WIN_20260730_09_30_02_Pro_0428.jpg,1.0000
WIN_20260730_09_30_02_Pro_0429.jpg,1.0000
WIN_20260730_09_30_02_Pro_0430.jpg,1.0000
WIN_20260730_09_30_02_Pro_0431.jpg,1.0000
WIN_20260730_09_30_02_Pro_0432.jpg,1.0000
WIN_20260730_09_30_02_Pro_0433.jpg,1.0000
WIN_20260730_09_30_02_Pro_0434.jpg,0.9994
WIN_20260730_09_30_02_Pro_0435.jpg,0.9991
WIN_20260730_09_30_02_Pro_0436.jpg,0.9977
WIN_20260730_09_30_02_Pro_0437.jpg,0.9975
WIN_20260730_09_30_02_Pro_0438.jpg,0.9949
WIN_20260730_09_30_02_Pro_0439.jpg,0.9933
WIN_20260730_09_30_02_Pro_0440.jpg,0.9944
WIN_20260730_09_30_02_Pro_0441.jpg,0.9883
WIN_20260730_09_30_02_Pro_0442.jpg,0.9909
WIN_20260730_09_30_02_Pro_0443.jpg,0.9934
WIN_20260730_09_30_02_Pro_0444.jpg,0.9908
WIN_20260730_09_30_02_Pro_0445.jpg,1.0000
WIN_20260730_09_30_02_Pro_0446.jpg,1.0000
WIN_20260730_09_30_02_Pro_0447.jpg,0.9993
WIN_20260730_09_30_02_Pro_0448.jpg,0.9899
WIN_20260730_09_30_02_Pro_0449.jpg,0.9922
WIN_20260730_09_30_02_Pro_0450.jpg,0.9988
WIN_20260730_11_24_20_Pro_0000.jpg,0.9427
WIN_20260730_11_24_20_Pro_0001.jpg,0.9409
WIN_20260730_11_24_20_Pro_0002.jpg,0.9418
WIN_20260730_11_24_20_Pro_0003.jpg,0.9410
WIN_20260730_11_24_20_Pro_0004.jpg,0.9399
WIN_20260730_11_24_20_Pro_0005.jpg,0.9408
WIN_20260730_11_24_20_Pro_0006.jpg,0.9396
WIN_20260730_11_24_20_Pro_0007.jpg,0.9420
WIN_20260730_11_24_20_Pro_0008.jpg,0.9417
WIN_20260730_11_24_20_Pro_0009.jpg,0.9354
WIN_20260730_11_24_20_Pro_0010.jpg,0.9354
WIN_20260730_11_24_20_Pro_0011.jpg,0.9336
WIN_20260730_11_24_20_Pro_0012.jpg,0.9287
WIN_20260730_11_24_20_Pro_0013.jpg,0.9209
WIN_20260730_11_24_20_Pro_0014.jpg,0.9182
WIN_20260730_11_24_20_Pro_0015.jpg,0.9128
WIN_20260730_11_24_20_Pro_0016.jpg,0.9102
WIN_20260730_11_24_20_Pro_0017.jpg,0.9033
WIN_20260730_11_24_20_Pro_0018.jpg,0.8899
WIN_20260730_11_24_20_Pro_0019.jpg,0.8861
WIN_20260730_11_24_20_Pro_0020.jpg,0.8819
WIN_20260730_11_24_20_Pro_0021.jpg,0.8792
WIN_20260730_11_24_20_Pro_0022.jpg,0.8755
WIN_20260730_11_24_20_Pro_0023.jpg,0.8620
WIN_20260730_11_24_20_Pro_0024.jpg,0.8658
WIN_20260730_11_24_20_Pro_0025.jpg,0.8582
WIN_20260730_11_24_20_Pro_0026.jpg,0.8548
WIN_20260730_11_24_20_Pro_0027.jpg,0.8457
WIN_20260730_11_24_20_Pro_0028.jpg,0.8468
WIN_20260730_11_24_20_Pro_0029.jpg,0.8461
WIN_20260730_11_24_20_Pro_0030.jpg,0.8423
WIN_20260730_11_24_20_Pro_0031.jpg,0.8344
WIN_20260730_11_24_20_Pro_0032.jpg,0.8440
WIN_20260730_11_24_20_Pro_0033.jpg,0.8384
WIN_20260730_11_24_20_Pro_0034.jpg,0.8299
WIN_20260730_11_24_20_Pro_0035.jpg,0.8269
WIN_20260730_11_24_20_Pro_0036.jpg,0.8228
WIN_20260730_11_24_20_Pro_0037.jpg,0.8165
WIN_20260730_11_24_20_Pro_0038.jpg,0.8085
WIN_20260730_11_24_20_Pro_0039.jpg,0.7946
WIN_20260730_11_24_20_Pro_0040.jpg,0.7852
WIN_20260730_11_24_20_Pro_0041.jpg,0.7582
WIN_20260730_11_24_20_Pro_0042.jpg,0.7512
WIN_20260730_11_24_20_Pro_0043.jpg,0.7305
WIN_20260730_11_24_20_Pro_0044.jpg,0.7129
WIN_20260730_11_24_20_Pro_0045.jpg,0.6984
WIN_20260730_11_24_20_Pro_0046.jpg,0.6646
WIN_20260730_11_24_20_Pro_0047.jpg,0.6426
WIN_20260730_11_24_20_Pro_0048.jpg,0.6196
WIN_20260730_11_24_20_Pro_0049.jpg,0.5996
WIN_20260730_11_24_20_Pro_0050.jpg,0.5865
WIN_20260730_11_24_20_Pro_0051.jpg,0.5412
WIN_20260730_11_24_20_Pro_0052.jpg,0.5157
WIN_20260730_11_24_20_Pro_0053.jpg,0.4929
WIN_20260730_11_24_20_Pro_0054.jpg,0.4263
WIN_20260730_11_24_20_Pro_0055.jpg,0.3697
WIN_20260730_11_24_20_Pro_0056.jpg,0.3209
WIN_20260730_11_24_20_Pro_0057.jpg,0.2850
WIN_20260730_11_24_20_Pro_0058.jpg,0.2628
WIN_20260730_11_24_20_Pro_0059.jpg,0.2378
WIN_20260730_11_24_20_Pro_0060.jpg,0.2326
WIN_20260730_11_24_20_Pro_0061.jpg,0.2205
WIN_20260730_11_24_20_Pro_0062.jpg,0.2014
WIN_20260730_11_24_20_Pro_0063.jpg,0.1768
WIN_20260730_11_24_20_Pro_0064.jpg,0.1639
WIN_20260730_11_24_20_Pro_0065.jpg,0.1437
WIN_20260730_11_24_20_Pro_0066.jpg,0.1319
WIN_20260730_11_24_20_Pro_0067.jpg,0.1158
WIN_20260730_11_24_20_Pro_0068.jpg,0.1041
WIN_20260730_11_24_20_Pro_0069.jpg,0.1029
WIN_20260730_11_24_20_Pro_0070.jpg,0.0795
WIN_20260730_11_24_20_Pro_0071.jpg,0.0790
WIN_20260730_11_24_20_Pro_0072.jpg,0.0607
WIN_20260730_11_24_20_Pro_0073.jpg,0.0480
WIN_20260730_11_24_20_Pro_0074.jpg,0.0422
WIN_20260730_11_24_20_Pro_0075.jpg,0.0315
WIN_20260730_11_24_20_Pro_0076.jpg,0.0299
WIN_20260730_11_24_20_Pro_0077.jpg,0.0255
WIN_20260730_11_24_20_Pro_0078.jpg,0.0160
WIN_20260730_11_24_20_Pro_0079.jpg,0.0113
WIN_20260730_11_24_20_Pro_0080.jpg,0.0144
WIN_20260730_11_24_20_Pro_0081.jpg,0.0204
WIN_20260730_11_24_20_Pro_0082.jpg,0.0317
WIN_20260730_11_24_20_Pro_0083.jpg,0.0259
WIN_20260730_11_24_20_Pro_0084.jpg,0.0355
WIN_20260730_11_24_20_Pro_0085.jpg,0.0672
WIN_20260730_11_24_20_Pro_0086.jpg,0.0962
WIN_20260730_11_24_20_Pro_0087.jpg,0.1301
WIN_20260730_11_24_20_Pro_0088.jpg,0.1577
WIN_20260730_11_24_20_Pro_0089.jpg,0.1829
WIN_20260730_11_24_20_Pro_0090.jpg,0.2134
WIN_20260730_11_24_20_Pro_0091.jpg,0.2454
WIN_20260730_11_24_20_Pro_0092.jpg,0.2823
WIN_20260730_11_24_20_Pro_0093.jpg,0.3489
WIN_20260730_11_24_20_Pro_0094.jpg,0.3665
WIN_20260730_11_24_20_Pro_0095.jpg,0.4114
WIN_20260730_11_24_20_Pro_0096.jpg,0.4397
WIN_20260730_11_24_20_Pro_0097.jpg,0.4809
WIN_20260730_11_24_20_Pro_0098.jpg,0.5125
WIN_20260730_11_24_20_Pro_0099.jpg,0.5692
WIN_20260730_11_24_20_Pro_0100.jpg,0.6167
WIN_20260730_11_24_20_Pro_0101.jpg,0.6624
WIN_20260730_11_24_20_Pro_0102.jpg,0.6889
WIN_20260730_11_24_20_Pro_0103.jpg,0.7421
WIN_20260730_11_24_20_Pro_0104.jpg,0.7690
WIN_20260730_11_24_20_Pro_0105.jpg,0.7942
WIN_20260730_11_24_20_Pro_0106.jpg,0.8230
WIN_20260730_11_24_20_Pro_0107.jpg,0.8367
WIN_20260730_11_24_20_Pro_0108.jpg,0.8540
WIN_20260730_11_24_20_Pro_0109.jpg,0.8714
WIN_20260730_11_24_20_Pro_0110.jpg,0.8845
WIN_20260730_11_24_20_Pro_0111.jpg,0.8939
WIN_20260730_11_24_20_Pro_0112.jpg,0.8977
WIN_20260730_11_24_20_Pro_0113.jpg,0.9012
WIN_20260730_11_24_20_Pro_0114.jpg,0.9022
WIN_20260730_11_24_20_Pro_0115.jpg,0.9144
WIN_20260730_11_24_20_Pro_0116.jpg,0.9258
WIN_20260730_11_24_20_Pro_0117.jpg,0.9393
WIN_20260730_11_24_20_Pro_0118.jpg,0.9252
WIN_20260730_11_24_20_Pro_0119.jpg,0.9193
WIN_20260730_11_24_20_Pro_0120.jpg,0.9274
WIN_20260730_11_24_20_Pro_0121.jpg,0.9214
WIN_20260730_11_24_20_Pro_0122.jpg,1.0000
WIN_20260730_11_24_20_Pro_0123.jpg,0.9330
WIN_20260730_11_24_20_Pro_0124.jpg,1.0000
WIN_20260730_11_24_20_Pro_0125.jpg,0.9388
WIN_20260730_11_24_20_Pro_0126.jpg,0.9328
WIN_20260730_11_24_20_Pro_0127.jpg,0.9370
WIN_20260730_11_24_20_Pro_0128.jpg,0.9343
WIN_20260730_11_24_20_Pro_0129.jpg,0.9348
WIN_20260730_11_24_20_Pro_0130.jpg,1.0000
WIN_20260730_11_24_20_Pro_0131.jpg,0.9867
WIN_20260730_11_24_20_Pro_0132.jpg,0.9589
WIN_20260730_11_24_20_Pro_0133.jpg,0.9366
WIN_20260730_11_24_20_Pro_0134.jpg,0.9290
WIN_20260730_11_24_20_Pro_0135.jpg,0.9431
WIN_20260730_11_24_20_Pro_0136.jpg,0.9825
WIN_20260730_11_24_20_Pro_0137.jpg,0.9298
WIN_20260730_11_24_20_Pro_0138.jpg,0.9303
WIN_20260730_11_24_20_Pro_0139.jpg,0.9258
WIN_20260730_11_24_20_Pro_0140.jpg,0.9256
WIN_20260730_11_24_20_Pro_0141.jpg,0.9220
WIN_20260730_11_24_20_Pro_0142.jpg,0.9147
WIN_20260730_11_24_20_Pro_0143.jpg,0.9141
WIN_20260730_11_24_20_Pro_0144.jpg,0.9117
WIN_20260730_11_24_20_Pro_0145.jpg,0.9167
WIN_20260730_11_24_20_Pro_0146.jpg,0.9217
WIN_20260730_11_24_20_Pro_0147.jpg,0.9218
WIN_20260730_11_24_20_Pro_0148.jpg,0.9203
WIN_20260730_11_24_20_Pro_0149.jpg,0.9183
WIN_20260730_11_24_20_Pro_0150.jpg,0.9179
WIN_20260730_11_24_20_Pro_0151.jpg,0.9222
WIN_20260730_11_24_20_Pro_0152.jpg,0.9240
WIN_20260730_11_24_20_Pro_0153.jpg,0.9253
WIN_20260730_11_24_20_Pro_0154.jpg,0.9215
WIN_20260730_11_24_20_Pro_0155.jpg,0.9195
WIN_20260730_11_24_20_Pro_0156.jpg,0.9177
WIN_20260730_11_24_20_Pro_0157.jpg,0.9107
WIN_20260730_11_24_20_Pro_0158.jpg,0.9073
WIN_20260730_11_24_20_Pro_0159.jpg,0.9108
WIN_20260730_11_24_20_Pro_0160.jpg,0.9061
WIN_20260730_11_24_20_Pro_0161.jpg,0.9086
WIN_20260730_11_24_20_Pro_0162.jpg,0.9074
WIN_20260730_11_24_20_Pro_0163.jpg,0.9132
WIN_20260730_11_24_20_Pro_0164.jpg,0.9148
WIN_20260730_11_24_20_Pro_0165.jpg,0.9120
WIN_20260730_11_24_20_Pro_0166.jpg,0.9073
WIN_20260730_11_24_20_Pro_0167.jpg,0.9054
WIN_20260730_11_24_20_Pro_0168.jpg,0.9104
WIN_20260730_11_24_20_Pro_0169.jpg,0.9051
WIN_20260730_11_24_20_Pro_0170.jpg,0.9080
WIN_20260730_11_24_20_Pro_0171.jpg,0.9095
WIN_20260730_11_24_20_Pro_0172.jpg,0.9020
WIN_20260730_11_24_20_Pro_0173.jpg,0.8839
WIN_20260730_11_24_20_Pro_0174.jpg,0.8440
WIN_20260730_11_24_20_Pro_0175.jpg,0.8093
WIN_20260730_11_24_20_Pro_0176.jpg,0.7550
WIN_20260730_11_24_20_Pro_0177.jpg,0.6744
WIN_20260730_11_24_20_Pro_0178.jpg,0.6249
WIN_20260730_11_24_20_Pro_0179.jpg,0.5685
WIN_20260730_11_24_20_Pro_0180.jpg,0.5227
WIN_20260730_11_24_20_Pro_0181.jpg,0.4657
WIN_20260730_11_24_20_Pro_0182.jpg,0.4285
WIN_20260730_11_24_20_Pro_0183.jpg,0.3572
WIN_20260730_11_24_20_Pro_0184.jpg,0.2994
WIN_20260730_11_24_20_Pro_0185.jpg,0.2558
WIN_20260730_11_24_20_Pro_0186.jpg,0.2029
WIN_20260730_11_24_20_Pro_0187.jpg,0.1652
WIN_20260730_11_24_20_Pro_0188.jpg,1.0000
WIN_20260730_11_24_20_Pro_0189.jpg,1.0000
WIN_20260730_11_24_20_Pro_0190.jpg,1.0000
WIN_20260730_11_24_20_Pro_0191.jpg,1.0000
WIN_20260730_11_24_20_Pro_0192.jpg,1.0000
WIN_20260730_11_24_20_Pro_0193.jpg,1.0000
WIN_20260730_11_24_20_Pro_0194.jpg,1.0000
WIN_20260730_11_24_20_Pro_0195.jpg,1.0000
WIN_20260730_11_24_20_Pro_0196.jpg,1.0000
WIN_20260730_11_24_20_Pro_0197.jpg,1.0000
WIN_20260730_11_24_20_Pro_0198.jpg,1.0000
WIN_20260730_11_24_20_Pro_0199.jpg,1.0000
WIN_20260730_11_24_20_Pro_0200.jpg,1.0000
WIN_20260730_11_24_20_Pro_0201.jpg,1.0000
WIN_20260730_11_24_20_Pro_0202.jpg,1.0000
WIN_20260730_11_24_20_Pro_0203.jpg,0.3556
WIN_20260730_11_24_20_Pro_0204.jpg,0.4468
WIN_20260730_11_24_20_Pro_0205.jpg,0.5073
WIN_20260730_11_24_20_Pro_0206.jpg,0.5746
WIN_20260730_11_24_20_Pro_0207.jpg,0.6692
WIN_20260730_11_24_20_Pro_0208.jpg,0.7358
WIN_20260730_11_24_20_Pro_0209.jpg,1.0000
WIN_20260730_11_24_20_Pro_0210.jpg,0.8229
WIN_20260730_11_24_20_Pro_0211.jpg,0.8606
WIN_20260730_11_24_20_Pro_0212.jpg,0.8883
WIN_20260730_11_24_20_Pro_0213.jpg,0.9028
WIN_20260730_11_24_20_Pro_0214.jpg,0.9057
WIN_20260730_11_24_20_Pro_0215.jpg,0.9220
WIN_20260730_11_24_20_Pro_0216.jpg,0.9436
WIN_20260730_11_24_20_Pro_0217.jpg,0.9361
WIN_20260730_11_24_20_Pro_0218.jpg,0.9486
WIN_20260730_11_24_20_Pro_0219.jpg,0.9460
WIN_20260730_11_24_20_Pro_0220.jpg,0.9513
WIN_20260730_11_24_20_Pro_0221.jpg,0.9540
WIN_20260730_11_24_20_Pro_0222.jpg,0.9608
WIN_20260730_11_24_20_Pro_0223.jpg,0.9639
WIN_20260730_11_24_20_Pro_0224.jpg,0.9727
WIN_20260730_11_24_20_Pro_0225.jpg,0.9798
WIN_20260730_11_24_20_Pro_0226.jpg,0.9861
WIN_20260730_11_24_20_Pro_0227.jpg,0.9865
WIN_20260730_11_24_20_Pro_0228.jpg,0.9890
WIN_20260730_11_24_20_Pro_0229.jpg,0.9785
WIN_20260730_11_24_20_Pro_0230.jpg,0.9777
WIN_20260730_11_24_20_Pro_0231.jpg,0.9773
WIN_20260730_11_24_20_Pro_0232.jpg,0.9766
WIN_20260730_11_24_20_Pro_0233.jpg,0.9707
WIN_20260730_11_24_20_Pro_0234.jpg,0.9558
WIN_20260730_11_24_20_Pro_0235.jpg,0.9408
WIN_20260730_11_24_20_Pro_0236.jpg,0.9288
WIN_20260730_11_24_20_Pro_0237.jpg,0.9201
WIN_20260730_11_24_20_Pro_0238.jpg,0.8963
WIN_20260730_11_24_20_Pro_0239.jpg,0.8768
WIN_20260730_11_24_20_Pro_0240.jpg,0.8620
WIN_20260730_11_24_20_Pro_0241.jpg,0.8483
WIN_20260730_11_24_20_Pro_0242.jpg,0.8157
WIN_20260730_11_24_20_Pro_0243.jpg,0.7747
WIN_20260730_11_24_20_Pro_0244.jpg,0.7234
WIN_20260730_11_24_20_Pro_0245.jpg,0.6507
WIN_20260730_11_24_20_Pro_0246.jpg,0.5900
WIN_20260730_11_24_20_Pro_0247.jpg,0.4945
WIN_20260730_11_24_20_Pro_0248.jpg,0.4295
WIN_20260730_11_24_20_Pro_0249.jpg,0.3767
WIN_20260730_11_24_20_Pro_0250.jpg,0.3285
WIN_20260730_11_24_20_Pro_0251.jpg,0.2758
WIN_20260730_11_24_20_Pro_0252.jpg,0.2143
WIN_20260730_11_24_20_Pro_0253.jpg,0.1733
WIN_20260730_11_24_20_Pro_0254.jpg,1.0000
WIN_20260730_11_24_20_Pro_0255.jpg,1.0000
WIN_20260730_11_24_20_Pro_0256.jpg,1.0000
WIN_20260730_11_24_20_Pro_0257.jpg,1.0000
WIN_20260730_11_24_20_Pro_0258.jpg,1.0000
WIN_20260730_11_24_20_Pro_0259.jpg,1.0000
WIN_20260730_11_24_20_Pro_0260.jpg,1.0000
WIN_20260730_11_24_20_Pro_0261.jpg,1.0000
WIN_20260730_11_24_20_Pro_0262.jpg,1.0000
WIN_20260730_11_24_20_Pro_0263.jpg,1.0000
WIN_20260730_11_24_20_Pro_0264.jpg,1.0000
WIN_20260730_11_24_20_Pro_0265.jpg,1.0000
WIN_20260730_11_24_20_Pro_0266.jpg,1.0000
WIN_20260730_11_24_20_Pro_0267.jpg,1.0000
WIN_20260730_11_24_20_Pro_0268.jpg,1.0000
WIN_20260730_11_24_20_Pro_0269.jpg,1.0000
WIN_20260730_11_24_20_Pro_0270.jpg,1.0000
WIN_20260730_11_24_20_Pro_0271.jpg,1.0000
WIN_20260730_11_24_20_Pro_0272.jpg,1.0000
WIN_20260730_11_24_20_Pro_0273.jpg,1.0000
WIN_20260730_11_24_20_Pro_0274.jpg,1.0000
WIN_20260730_11_24_20_Pro_0275.jpg,1.0000
WIN_20260730_11_24_20_Pro_0276.jpg,1.0000
WIN_20260730_11_24_20_Pro_0277.jpg,1.0000
WIN_20260730_11_24_20_Pro_0278.jpg,1.0000
WIN_20260730_11_24_20_Pro_0279.jpg,1.0000
WIN_20260730_11_24_20_Pro_0280.jpg,1.0000
WIN_20260730_11_24_20_Pro_0281.jpg,1.0000
WIN_20260730_11_24_20_Pro_0282.jpg,1.0000
WIN_20260730_11_24_20_Pro_0283.jpg,1.0000
WIN_20260730_11_24_20_Pro_0284.jpg,1.0000
WIN_20260730_11_24_20_Pro_0285.jpg,1.0000
WIN_20260730_11_24_20_Pro_0286.jpg,1.0000
WIN_20260730_11_24_20_Pro_0287.jpg,1.0000
WIN_20260730_11_24_20_Pro_0288.jpg,1.0000
WIN_20260730_11_24_20_Pro_0289.jpg,0.1989
WIN_20260730_11_24_20_Pro_0290.jpg,0.2569
WIN_20260730_11_24_20_Pro_0291.jpg,0.2896
WIN_20260730_11_24_20_Pro_0292.jpg,0.3667
WIN_20260730_11_24_20_Pro_0293.jpg,0.4851
WIN_20260730_11_24_20_Pro_0294.jpg,0.5426
